dataset,metric,reference,comparator,comparator_display,paired_count,reference_mean,comparator_mean,paired_gap_comparator_minus_dire_mean,paired_gap_sample_sd,paired_mean_95pct_low,paired_mean_95pct_high,relative_gap,paired_log2_ratio_mean,paired_log2_ratio_sample_sd,minimum_comparator,minimum_dire,paired_gap_values,paired_layout_subset_ids,interpretation
blobs,dtw_beta0,dire,cuml_umap,cuML UMAP,20,4.720002929580888,4.622660499911349,-0.0973424296695368,0.03766169015152018,-0.11496864323057145,-0.07971621610850214,-0.020623383316031186,-0.0300432090427939,0.011534852681879508,4.581863213677652,4.643691970830997,"[-0.18387267697977983,-0.06902814213796393,-0.09274278932607505,-0.13383070666116303,-0.05161052906678343,-0.1432696762415233,-0.06005330705651524,-0.10105433244396345,-0.14381703392821787,-0.10697700342714711,-0.10326079248138242,-0.13361973636882407,-0.06182875715334557,-0.050681143347413915,-0.1000812165120406,-0.05823919868168215,-0.055657633721548194,-0.11162311030522609,-0.11668849562162364,-0.06891231192851688]","[{""layout_seed"":42,""subset_seed"":1042,""indices_sha256"":""f21a6049aecd66457998ee8110618e72e93f0b8a7dca99d89354d300c1227f94""},{""layout_seed"":43,""subset_seed"":1043,""indices_sha256"":""4f4b2f59b597ed6a6289677b5380c5734ea1b9a6d9461db4459ee25ce256f1cf""},{""layout_seed"":44,""subset_seed"":1044,""indices_sha256"":""7b240478418ffe4e85da0391fb37b2c71f880fb7840cafb162ee95f18d69b2f2""},{""layout_seed"":45,""subset_seed"":1045,""indices_sha256"":""e2da847cde724d51bc98e40ef26a113a40793ca246f2d0ae12653044b1306f0e""},{""layout_seed"":46,""subset_seed"":1046,""indices_sha256"":""dd926a2ac07c39394ce769aa4c154a0ad4c328f1488628d453412625130f39db""},{""layout_seed"":47,""subset_seed"":1047,""indices_sha256"":""ca1d9fe953c53db333ab30391e8478aea8ff0262edf1be95a4d1c7ace11c6e2c""},{""layout_seed"":48,""subset_seed"":1048,""indices_sha256"":""4339ec215f1367435ab66440f1dca119ec07c63601bc6d435543730cdce20c64""},{""layout_seed"":49,""subset_seed"":1049,""indices_sha256"":""03aa2b39735a07362b898e09054bd4358358c9119084afa4e3be9f46cce1cf2a""},{""layout_seed"":50,""subset_seed"":1050,""indices_sha256"":""2df0442a26b31945a518a260b90224db8085616e444c38a1137bb12cd0c9f26c""},{""layout_seed"":51,""subset_seed"":1051,""indices_sha256"":""7df13e5b264af41ae8ae36df92359ac85ad4e1a86bd1291c8a0c9fc464b59a5a""},{""layout_seed"":52,""subset_seed"":1052,""indices_sha256"":""2d09cff7ce712cc34bf6067c83fc7837ec7e4e521b6e5fc082fc99cbf466753e""},{""layout_seed"":53,""subset_seed"":1053,""indices_sha256"":""7ab71e8644011afede30ae56e15ad19431d77e02d83548325da6af8837dfcd7d""},{""layout_seed"":54,""subset_seed"":1054,""indices_sha256"":""28bd194842383ab9fe7a444f497dc98c8ab2c6e54ef251b2b0ae9dfa6fd93eab""},{""layout_seed"":55,""subset_seed"":1055,""indices_sha256"":""2159089aeb7aef262563dfe98e85c3e537a025241e9b0cc2022dfef23a0bd790""},{""layout_seed"":56,""subset_seed"":1056,""indices_sha256"":""d857259751ce5fdac0deb773ec165c5053ff1866d5ad1017addcc736c7f47c10""},{""layout_seed"":57,""subset_seed"":1057,""indices_sha256"":""a86469a2f149e30b9e942084ff4386bed5af010f3149a4cc1a267911fb8a3414""},{""layout_seed"":58,""subset_seed"":1058,""indices_sha256"":""572bc10bda3007e87939e769bc9203729935e1192e822bccc8ecfd9aa4588a8c""},{""layout_seed"":59,""subset_seed"":1059,""indices_sha256"":""a4883fdba8984f06f62147152122ef348a77056745b35709a8ebbef3acb5ef10""},{""layout_seed"":60,""subset_seed"":1060,""indices_sha256"":""1b6dd378b9c2c669937b8f1619511d79814ea46a787d61433830d768f3ea575f""},{""layout_seed"":61,""subset_seed"":1061,""indices_sha256"":""b86253350f41076f23d3730930a753b3fdbe2b12d7c5db52f7513a429da00e57""}]",practically comparable (within 5%)
blobs,dtw_beta1,dire,cuml_umap,cuML UMAP,20,7.940976897138517,8.096461732819684,0.15548483568116733,0.3427201337017395,-0.0049131242614077475,0.31588279562374244,0.019580063976410177,0.027881736143208036,0.06184680242059261,7.24979311501735,7.349871975488798,"[0.4951567126243175,0.49776151471763175,0.5201467315063955,0.0908404906670075,-0.31149396944927066,-0.2619990880925753,-0.08316887544650164,0.36528323553416975,0.35747884267877694,0.6414210684671229,-0.22955397219269358,0.27943799080427567,0.5123676655327163,-0.3599238523031554,-0.3457863121186451,-0.2528201874671181,0.28995753158479154,0.45024543348108104,0.1966191735105296,0.2577265795844905]","[{""layout_seed"":42,""subset_seed"":1042,""indices_sha256"":""f21a6049aecd66457998ee8110618e72e93f0b8a7dca99d89354d300c1227f94""},{""layout_seed"":43,""subset_seed"":1043,""indices_sha256"":""4f4b2f59b597ed6a6289677b5380c5734ea1b9a6d9461db4459ee25ce256f1cf""},{""layout_seed"":44,""subset_seed"":1044,""indices_sha256"":""7b240478418ffe4e85da0391fb37b2c71f880fb7840cafb162ee95f18d69b2f2""},{""layout_seed"":45,""subset_seed"":1045,""indices_sha256"":""e2da847cde724d51bc98e40ef26a113a40793ca246f2d0ae12653044b1306f0e""},{""layout_seed"":46,""subset_seed"":1046,""indices_sha256"":""dd926a2ac07c39394ce769aa4c154a0ad4c328f1488628d453412625130f39db""},{""layout_seed"":47,""subset_seed"":1047,""indices_sha256"":""ca1d9fe953c53db333ab30391e8478aea8ff0262edf1be95a4d1c7ace11c6e2c""},{""layout_seed"":48,""subset_seed"":1048,""indices_sha256"":""4339ec215f1367435ab66440f1dca119ec07c63601bc6d435543730cdce20c64""},{""layout_seed"":49,""subset_seed"":1049,""indices_sha256"":""03aa2b39735a07362b898e09054bd4358358c9119084afa4e3be9f46cce1cf2a""},{""layout_seed"":50,""subset_seed"":1050,""indices_sha256"":""2df0442a26b31945a518a260b90224db8085616e444c38a1137bb12cd0c9f26c""},{""layout_seed"":51,""subset_seed"":1051,""indices_sha256"":""7df13e5b264af41ae8ae36df92359ac85ad4e1a86bd1291c8a0c9fc464b59a5a""},{""layout_seed"":52,""subset_seed"":1052,""indices_sha256"":""2d09cff7ce712cc34bf6067c83fc7837ec7e4e521b6e5fc082fc99cbf466753e""},{""layout_seed"":53,""subset_seed"":1053,""indices_sha256"":""7ab71e8644011afede30ae56e15ad19431d77e02d83548325da6af8837dfcd7d""},{""layout_seed"":54,""subset_seed"":1054,""indices_sha256"":""28bd194842383ab9fe7a444f497dc98c8ab2c6e54ef251b2b0ae9dfa6fd93eab""},{""layout_seed"":55,""subset_seed"":1055,""indices_sha256"":""2159089aeb7aef262563dfe98e85c3e537a025241e9b0cc2022dfef23a0bd790""},{""layout_seed"":56,""subset_seed"":1056,""indices_sha256"":""d857259751ce5fdac0deb773ec165c5053ff1866d5ad1017addcc736c7f47c10""},{""layout_seed"":57,""subset_seed"":1057,""indices_sha256"":""a86469a2f149e30b9e942084ff4386bed5af010f3149a4cc1a267911fb8a3414""},{""layout_seed"":58,""subset_seed"":1058,""indices_sha256"":""572bc10bda3007e87939e769bc9203729935e1192e822bccc8ecfd9aa4588a8c""},{""layout_seed"":59,""subset_seed"":1059,""indices_sha256"":""a4883fdba8984f06f62147152122ef348a77056745b35709a8ebbef3acb5ef10""},{""layout_seed"":60,""subset_seed"":1060,""indices_sha256"":""1b6dd378b9c2c669937b8f1619511d79814ea46a787d61433830d768f3ea575f""},{""layout_seed"":61,""subset_seed"":1061,""indices_sha256"":""b86253350f41076f23d3730930a753b3fdbe2b12d7c5db52f7513a429da00e57""}]",practically comparable (within 5%)
blobs,dtw_beta0,dire,cuml_tsne,cuML t-SNE,20,4.720002929580888,3.9444138401289903,-0.775589089451897,0.05208051789544629,-0.7999635221207763,-0.7512146567830177,-0.1643196203526012,-0.2589868274714593,0.017301451214418426,3.8821203418246357,4.643691970830997,"[-0.870994471768781,-0.6878291899043196,-0.7757499379279382,-0.8127164560799307,-0.7210894275349911,-0.8245795339978095,-0.8132772002205355,-0.7976129045887848,-0.8499181829022482,-0.7211985388900772,-0.7432932081143955,-0.8658577441619935,-0.7615716290063617,-0.7761617200465438,-0.7730047197349905,-0.7256215687558365,-0.7905651013310653,-0.7274457222421615,-0.7446224827906045,-0.7286720490385723]","[{""layout_seed"":42,""subset_seed"":1042,""indices_sha256"":""f21a6049aecd66457998ee8110618e72e93f0b8a7dca99d89354d300c1227f94""},{""layout_seed"":43,""subset_seed"":1043,""indices_sha256"":""4f4b2f59b597ed6a6289677b5380c5734ea1b9a6d9461db4459ee25ce256f1cf""},{""layout_seed"":44,""subset_seed"":1044,""indices_sha256"":""7b240478418ffe4e85da0391fb37b2c71f880fb7840cafb162ee95f18d69b2f2""},{""layout_seed"":45,""subset_seed"":1045,""indices_sha256"":""e2da847cde724d51bc98e40ef26a113a40793ca246f2d0ae12653044b1306f0e""},{""layout_seed"":46,""subset_seed"":1046,""indices_sha256"":""dd926a2ac07c39394ce769aa4c154a0ad4c328f1488628d453412625130f39db""},{""layout_seed"":47,""subset_seed"":1047,""indices_sha256"":""ca1d9fe953c53db333ab30391e8478aea8ff0262edf1be95a4d1c7ace11c6e2c""},{""layout_seed"":48,""subset_seed"":1048,""indices_sha256"":""4339ec215f1367435ab66440f1dca119ec07c63601bc6d435543730cdce20c64""},{""layout_seed"":49,""subset_seed"":1049,""indices_sha256"":""03aa2b39735a07362b898e09054bd4358358c9119084afa4e3be9f46cce1cf2a""},{""layout_seed"":50,""subset_seed"":1050,""indices_sha256"":""2df0442a26b31945a518a260b90224db8085616e444c38a1137bb12cd0c9f26c""},{""layout_seed"":51,""subset_seed"":1051,""indices_sha256"":""7df13e5b264af41ae8ae36df92359ac85ad4e1a86bd1291c8a0c9fc464b59a5a""},{""layout_seed"":52,""subset_seed"":1052,""indices_sha256"":""2d09cff7ce712cc34bf6067c83fc7837ec7e4e521b6e5fc082fc99cbf466753e""},{""layout_seed"":53,""subset_seed"":1053,""indices_sha256"":""7ab71e8644011afede30ae56e15ad19431d77e02d83548325da6af8837dfcd7d""},{""layout_seed"":54,""subset_seed"":1054,""indices_sha256"":""28bd194842383ab9fe7a444f497dc98c8ab2c6e54ef251b2b0ae9dfa6fd93eab""},{""layout_seed"":55,""subset_seed"":1055,""indices_sha256"":""2159089aeb7aef262563dfe98e85c3e537a025241e9b0cc2022dfef23a0bd790""},{""layout_seed"":56,""subset_seed"":1056,""indices_sha256"":""d857259751ce5fdac0deb773ec165c5053ff1866d5ad1017addcc736c7f47c10""},{""layout_seed"":57,""subset_seed"":1057,""indices_sha256"":""a86469a2f149e30b9e942084ff4386bed5af010f3149a4cc1a267911fb8a3414""},{""layout_seed"":58,""subset_seed"":1058,""indices_sha256"":""572bc10bda3007e87939e769bc9203729935e1192e822bccc8ecfd9aa4588a8c""},{""layout_seed"":59,""subset_seed"":1059,""indices_sha256"":""a4883fdba8984f06f62147152122ef348a77056745b35709a8ebbef3acb5ef10""},{""layout_seed"":60,""subset_seed"":1060,""indices_sha256"":""1b6dd378b9c2c669937b8f1619511d79814ea46a787d61433830d768f3ea575f""},{""layout_seed"":61,""subset_seed"":1061,""indices_sha256"":""b86253350f41076f23d3730930a753b3fdbe2b12d7c5db52f7513a429da00e57""}]",cuML t-SNE has lower discrepancy
blobs,dtw_beta1,dire,cuml_tsne,cuML t-SNE,20,7.940976897138517,6.8314272398333555,-1.1095496573051604,0.2184623227549813,-1.2117931716144499,-1.007306142995871,-0.13972457944122466,-0.21691377973292472,0.039478625522667204,6.300146058049043,7.349871975488798,"[-0.911787539220863,-1.051274134301865,-0.8776315447466105,-1.0358867492395927,-1.1862629796487028,-1.3230382982207187,-1.5831452802183144,-0.9267878154691775,-0.8984585000413823,-1.0069537593789866,-1.3646973568770813,-0.9254590604889117,-1.0154647649740696,-1.3717608170759439,-1.3051192071699012,-1.0181569877786112,-0.8906619510079405,-0.8585695942752984,-1.224535863012676,-1.4153409429565622]","[{""layout_seed"":42,""subset_seed"":1042,""indices_sha256"":""f21a6049aecd66457998ee8110618e72e93f0b8a7dca99d89354d300c1227f94""},{""layout_seed"":43,""subset_seed"":1043,""indices_sha256"":""4f4b2f59b597ed6a6289677b5380c5734ea1b9a6d9461db4459ee25ce256f1cf""},{""layout_seed"":44,""subset_seed"":1044,""indices_sha256"":""7b240478418ffe4e85da0391fb37b2c71f880fb7840cafb162ee95f18d69b2f2""},{""layout_seed"":45,""subset_seed"":1045,""indices_sha256"":""e2da847cde724d51bc98e40ef26a113a40793ca246f2d0ae12653044b1306f0e""},{""layout_seed"":46,""subset_seed"":1046,""indices_sha256"":""dd926a2ac07c39394ce769aa4c154a0ad4c328f1488628d453412625130f39db""},{""layout_seed"":47,""subset_seed"":1047,""indices_sha256"":""ca1d9fe953c53db333ab30391e8478aea8ff0262edf1be95a4d1c7ace11c6e2c""},{""layout_seed"":48,""subset_seed"":1048,""indices_sha256"":""4339ec215f1367435ab66440f1dca119ec07c63601bc6d435543730cdce20c64""},{""layout_seed"":49,""subset_seed"":1049,""indices_sha256"":""03aa2b39735a07362b898e09054bd4358358c9119084afa4e3be9f46cce1cf2a""},{""layout_seed"":50,""subset_seed"":1050,""indices_sha256"":""2df0442a26b31945a518a260b90224db8085616e444c38a1137bb12cd0c9f26c""},{""layout_seed"":51,""subset_seed"":1051,""indices_sha256"":""7df13e5b264af41ae8ae36df92359ac85ad4e1a86bd1291c8a0c9fc464b59a5a""},{""layout_seed"":52,""subset_seed"":1052,""indices_sha256"":""2d09cff7ce712cc34bf6067c83fc7837ec7e4e521b6e5fc082fc99cbf466753e""},{""layout_seed"":53,""subset_seed"":1053,""indices_sha256"":""7ab71e8644011afede30ae56e15ad19431d77e02d83548325da6af8837dfcd7d""},{""layout_seed"":54,""subset_seed"":1054,""indices_sha256"":""28bd194842383ab9fe7a444f497dc98c8ab2c6e54ef251b2b0ae9dfa6fd93eab""},{""layout_seed"":55,""subset_seed"":1055,""indices_sha256"":""2159089aeb7aef262563dfe98e85c3e537a025241e9b0cc2022dfef23a0bd790""},{""layout_seed"":56,""subset_seed"":1056,""indices_sha256"":""d857259751ce5fdac0deb773ec165c5053ff1866d5ad1017addcc736c7f47c10""},{""layout_seed"":57,""subset_seed"":1057,""indices_sha256"":""a86469a2f149e30b9e942084ff4386bed5af010f3149a4cc1a267911fb8a3414""},{""layout_seed"":58,""subset_seed"":1058,""indices_sha256"":""572bc10bda3007e87939e769bc9203729935e1192e822bccc8ecfd9aa4588a8c""},{""layout_seed"":59,""subset_seed"":1059,""indices_sha256"":""a4883fdba8984f06f62147152122ef348a77056745b35709a8ebbef3acb5ef10""},{""layout_seed"":60,""subset_seed"":1060,""indices_sha256"":""1b6dd378b9c2c669937b8f1619511d79814ea46a787d61433830d768f3ea575f""},{""layout_seed"":61,""subset_seed"":1061,""indices_sha256"":""b86253350f41076f23d3730930a753b3fdbe2b12d7c5db52f7513a429da00e57""}]",cuML t-SNE has lower discrepancy
blobs,dtw_beta0,dire,opentsne,openTSNE,10,4.732084288404109,4.723230858240887,-0.008853430163221977,0.06237716137380599,-0.05347536332682068,0.03576850300037673,-0.0018709367001169346,-0.0026647855797404924,0.01899398722364964,4.693554038802166,4.66400162497614,"[-0.09124228255265443,-0.0065411343427843605,-0.006466451352910241,-0.027257218440309927,0.08534790219743282,-0.009404189542447483,0.007452153026491715,0.06418431591071982,-0.12169424230241965,0.017086845766661973]","[{""layout_seed"":42,""subset_seed"":1042,""indices_sha256"":""f21a6049aecd66457998ee8110618e72e93f0b8a7dca99d89354d300c1227f94""},{""layout_seed"":43,""subset_seed"":1043,""indices_sha256"":""4f4b2f59b597ed6a6289677b5380c5734ea1b9a6d9461db4459ee25ce256f1cf""},{""layout_seed"":44,""subset_seed"":1044,""indices_sha256"":""7b240478418ffe4e85da0391fb37b2c71f880fb7840cafb162ee95f18d69b2f2""},{""layout_seed"":45,""subset_seed"":1045,""indices_sha256"":""e2da847cde724d51bc98e40ef26a113a40793ca246f2d0ae12653044b1306f0e""},{""layout_seed"":46,""subset_seed"":1046,""indices_sha256"":""dd926a2ac07c39394ce769aa4c154a0ad4c328f1488628d453412625130f39db""},{""layout_seed"":47,""subset_seed"":1047,""indices_sha256"":""ca1d9fe953c53db333ab30391e8478aea8ff0262edf1be95a4d1c7ace11c6e2c""},{""layout_seed"":48,""subset_seed"":1048,""indices_sha256"":""4339ec215f1367435ab66440f1dca119ec07c63601bc6d435543730cdce20c64""},{""layout_seed"":49,""subset_seed"":1049,""indices_sha256"":""03aa2b39735a07362b898e09054bd4358358c9119084afa4e3be9f46cce1cf2a""},{""layout_seed"":50,""subset_seed"":1050,""indices_sha256"":""2df0442a26b31945a518a260b90224db8085616e444c38a1137bb12cd0c9f26c""},{""layout_seed"":51,""subset_seed"":1051,""indices_sha256"":""7df13e5b264af41ae8ae36df92359ac85ad4e1a86bd1291c8a0c9fc464b59a5a""}]",practically comparable (within 5%)
blobs,dtw_beta1,dire,opentsne,openTSNE,10,7.939766434115006,8.31575524793195,0.37598881381694393,0.2852823405613491,0.1719101213449078,0.5800675062889801,0.047355147904782534,0.06667576628437002,0.050605167014645416,7.968235464406205,7.351420192350908,"[0.3740982924407392,0.6627857390294203,0.6680152305726246,0.05925721381877125,0.14212157560785865,-0.1110460668034241,0.21815303243456086,0.6882887268873326,0.48794270150964536,0.5702716926719109]","[{""layout_seed"":42,""subset_seed"":1042,""indices_sha256"":""f21a6049aecd66457998ee8110618e72e93f0b8a7dca99d89354d300c1227f94""},{""layout_seed"":43,""subset_seed"":1043,""indices_sha256"":""4f4b2f59b597ed6a6289677b5380c5734ea1b9a6d9461db4459ee25ce256f1cf""},{""layout_seed"":44,""subset_seed"":1044,""indices_sha256"":""7b240478418ffe4e85da0391fb37b2c71f880fb7840cafb162ee95f18d69b2f2""},{""layout_seed"":45,""subset_seed"":1045,""indices_sha256"":""e2da847cde724d51bc98e40ef26a113a40793ca246f2d0ae12653044b1306f0e""},{""layout_seed"":46,""subset_seed"":1046,""indices_sha256"":""dd926a2ac07c39394ce769aa4c154a0ad4c328f1488628d453412625130f39db""},{""layout_seed"":47,""subset_seed"":1047,""indices_sha256"":""ca1d9fe953c53db333ab30391e8478aea8ff0262edf1be95a4d1c7ace11c6e2c""},{""layout_seed"":48,""subset_seed"":1048,""indices_sha256"":""4339ec215f1367435ab66440f1dca119ec07c63601bc6d435543730cdce20c64""},{""layout_seed"":49,""subset_seed"":1049,""indices_sha256"":""03aa2b39735a07362b898e09054bd4358358c9119084afa4e3be9f46cce1cf2a""},{""layout_seed"":50,""subset_seed"":1050,""indices_sha256"":""2df0442a26b31945a518a260b90224db8085616e444c38a1137bb12cd0c9f26c""},{""layout_seed"":51,""subset_seed"":1051,""indices_sha256"":""7df13e5b264af41ae8ae36df92359ac85ad4e1a86bd1291c8a0c9fc464b59a5a""}]",practically comparable (within 5%)
blobs,dtw_beta0,dire,umap,umap-learn,10,4.732084288404109,4.646069078241796,-0.08601521016231332,0.05799412841636272,-0.12750171043070796,-0.04452870989391868,-0.018177024101851295,-0.02644733151351683,0.017793885978952012,4.576571179544667,4.66400162497614,"[-0.2122582857180948,-0.049926592999193886,-0.07820195021611287,-0.06044966120271589,-0.061808275286126424,-0.10625360494350566,-0.029622346084024365,-0.07739405210415384,-0.15532852127984142,-0.02890881178936411]","[{""layout_seed"":42,""subset_seed"":1042,""indices_sha256"":""f21a6049aecd66457998ee8110618e72e93f0b8a7dca99d89354d300c1227f94""},{""layout_seed"":43,""subset_seed"":1043,""indices_sha256"":""4f4b2f59b597ed6a6289677b5380c5734ea1b9a6d9461db4459ee25ce256f1cf""},{""layout_seed"":44,""subset_seed"":1044,""indices_sha256"":""7b240478418ffe4e85da0391fb37b2c71f880fb7840cafb162ee95f18d69b2f2""},{""layout_seed"":45,""subset_seed"":1045,""indices_sha256"":""e2da847cde724d51bc98e40ef26a113a40793ca246f2d0ae12653044b1306f0e""},{""layout_seed"":46,""subset_seed"":1046,""indices_sha256"":""dd926a2ac07c39394ce769aa4c154a0ad4c328f1488628d453412625130f39db""},{""layout_seed"":47,""subset_seed"":1047,""indices_sha256"":""ca1d9fe953c53db333ab30391e8478aea8ff0262edf1be95a4d1c7ace11c6e2c""},{""layout_seed"":48,""subset_seed"":1048,""indices_sha256"":""4339ec215f1367435ab66440f1dca119ec07c63601bc6d435543730cdce20c64""},{""layout_seed"":49,""subset_seed"":1049,""indices_sha256"":""03aa2b39735a07362b898e09054bd4358358c9119084afa4e3be9f46cce1cf2a""},{""layout_seed"":50,""subset_seed"":1050,""indices_sha256"":""2df0442a26b31945a518a260b90224db8085616e444c38a1137bb12cd0c9f26c""},{""layout_seed"":51,""subset_seed"":1051,""indices_sha256"":""7df13e5b264af41ae8ae36df92359ac85ad4e1a86bd1291c8a0c9fc464b59a5a""}]",practically comparable (within 5%)
blobs,dtw_beta1,dire,umap,umap-learn,10,7.939766434115006,8.133822823647426,0.1940563895324221,0.2971007226059984,-0.018476664152653616,0.4065894432174978,0.024441070293782806,0.03478577454623191,0.05249728550367243,7.597927689915309,7.351420192350908,"[-0.06065629063032407,0.41120382711400527,0.5376542819613039,0.32091119073523444,-0.1027255789633088,0.10930336582042699,-0.34222888112285155,0.16148756024469257,0.5761099608976323,0.3295044592674099]","[{""layout_seed"":42,""subset_seed"":1042,""indices_sha256"":""f21a6049aecd66457998ee8110618e72e93f0b8a7dca99d89354d300c1227f94""},{""layout_seed"":43,""subset_seed"":1043,""indices_sha256"":""4f4b2f59b597ed6a6289677b5380c5734ea1b9a6d9461db4459ee25ce256f1cf""},{""layout_seed"":44,""subset_seed"":1044,""indices_sha256"":""7b240478418ffe4e85da0391fb37b2c71f880fb7840cafb162ee95f18d69b2f2""},{""layout_seed"":45,""subset_seed"":1045,""indices_sha256"":""e2da847cde724d51bc98e40ef26a113a40793ca246f2d0ae12653044b1306f0e""},{""layout_seed"":46,""subset_seed"":1046,""indices_sha256"":""dd926a2ac07c39394ce769aa4c154a0ad4c328f1488628d453412625130f39db""},{""layout_seed"":47,""subset_seed"":1047,""indices_sha256"":""ca1d9fe953c53db333ab30391e8478aea8ff0262edf1be95a4d1c7ace11c6e2c""},{""layout_seed"":48,""subset_seed"":1048,""indices_sha256"":""4339ec215f1367435ab66440f1dca119ec07c63601bc6d435543730cdce20c64""},{""layout_seed"":49,""subset_seed"":1049,""indices_sha256"":""03aa2b39735a07362b898e09054bd4358358c9119084afa4e3be9f46cce1cf2a""},{""layout_seed"":50,""subset_seed"":1050,""indices_sha256"":""2df0442a26b31945a518a260b90224db8085616e444c38a1137bb12cd0c9f26c""},{""layout_seed"":51,""subset_seed"":1051,""indices_sha256"":""7df13e5b264af41ae8ae36df92359ac85ad4e1a86bd1291c8a0c9fc464b59a5a""}]",practically comparable (within 5%)
disk,dtw_beta0,dire,cuml_umap,cuML UMAP,20,0.3131268556579909,0.5394947999338653,0.22636794427587423,0.02179137926834667,0.21616926484252763,0.23656662370922082,0.7229272743156911,0.7858791456928368,0.08086611014999713,0.5034102191646241,0.2803294089811216,"[0.2263527538580355,0.2322502624848074,0.1887235054263809,0.22982504162256545,0.22995649051985873,0.19717211076855318,0.21317788190432768,0.21416649793100256,0.2285228361102516,0.1985652539124318,0.23623354596001767,0.24012032249813742,0.21616024824243635,0.2901692672122833,0.2461486307218596,0.242039579759747,0.22177240577811663,0.24040539925509963,0.22585510804245718,0.20974174350911612]","[{""layout_seed"":42,""subset_seed"":1042,""indices_sha256"":""f21a6049aecd66457998ee8110618e72e93f0b8a7dca99d89354d300c1227f94""},{""layout_seed"":43,""subset_seed"":1043,""indices_sha256"":""4f4b2f59b597ed6a6289677b5380c5734ea1b9a6d9461db4459ee25ce256f1cf""},{""layout_seed"":44,""subset_seed"":1044,""indices_sha256"":""7b240478418ffe4e85da0391fb37b2c71f880fb7840cafb162ee95f18d69b2f2""},{""layout_seed"":45,""subset_seed"":1045,""indices_sha256"":""e2da847cde724d51bc98e40ef26a113a40793ca246f2d0ae12653044b1306f0e""},{""layout_seed"":46,""subset_seed"":1046,""indices_sha256"":""dd926a2ac07c39394ce769aa4c154a0ad4c328f1488628d453412625130f39db""},{""layout_seed"":47,""subset_seed"":1047,""indices_sha256"":""ca1d9fe953c53db333ab30391e8478aea8ff0262edf1be95a4d1c7ace11c6e2c""},{""layout_seed"":48,""subset_seed"":1048,""indices_sha256"":""4339ec215f1367435ab66440f1dca119ec07c63601bc6d435543730cdce20c64""},{""layout_seed"":49,""subset_seed"":1049,""indices_sha256"":""03aa2b39735a07362b898e09054bd4358358c9119084afa4e3be9f46cce1cf2a""},{""layout_seed"":50,""subset_seed"":1050,""indices_sha256"":""2df0442a26b31945a518a260b90224db8085616e444c38a1137bb12cd0c9f26c""},{""layout_seed"":51,""subset_seed"":1051,""indices_sha256"":""7df13e5b264af41ae8ae36df92359ac85ad4e1a86bd1291c8a0c9fc464b59a5a""},{""layout_seed"":52,""subset_seed"":1052,""indices_sha256"":""2d09cff7ce712cc34bf6067c83fc7837ec7e4e521b6e5fc082fc99cbf466753e""},{""layout_seed"":53,""subset_seed"":1053,""indices_sha256"":""7ab71e8644011afede30ae56e15ad19431d77e02d83548325da6af8837dfcd7d""},{""layout_seed"":54,""subset_seed"":1054,""indices_sha256"":""28bd194842383ab9fe7a444f497dc98c8ab2c6e54ef251b2b0ae9dfa6fd93eab""},{""layout_seed"":55,""subset_seed"":1055,""indices_sha256"":""2159089aeb7aef262563dfe98e85c3e537a025241e9b0cc2022dfef23a0bd790""},{""layout_seed"":56,""subset_seed"":1056,""indices_sha256"":""d857259751ce5fdac0deb773ec165c5053ff1866d5ad1017addcc736c7f47c10""},{""layout_seed"":57,""subset_seed"":1057,""indices_sha256"":""a86469a2f149e30b9e942084ff4386bed5af010f3149a4cc1a267911fb8a3414""},{""layout_seed"":58,""subset_seed"":1058,""indices_sha256"":""572bc10bda3007e87939e769bc9203729935e1192e822bccc8ecfd9aa4588a8c""},{""layout_seed"":59,""subset_seed"":1059,""indices_sha256"":""a4883fdba8984f06f62147152122ef348a77056745b35709a8ebbef3acb5ef10""},{""layout_seed"":60,""subset_seed"":1060,""indices_sha256"":""1b6dd378b9c2c669937b8f1619511d79814ea46a787d61433830d768f3ea575f""},{""layout_seed"":61,""subset_seed"":1061,""indices_sha256"":""b86253350f41076f23d3730930a753b3fdbe2b12d7c5db52f7513a429da00e57""}]",DiRe has lower discrepancy
disk,dtw_beta1,dire,cuml_umap,cuML UMAP,20,0.5119643318774055,1.5706183184064533,1.0586539865290479,0.2135667671580107,0.9587016627665703,1.1586063102915254,2.0678276212073152,1.6387202446375706,0.3661334816674332,1.1011015870537102,0.3888603823980987,"[0.8918925721666612,1.1639362997180762,1.0650730657647074,1.0036275212404924,0.9124690912652479,0.8641163634780242,1.0785315531461583,1.2891833012661822,1.0265084387512262,1.1889452471983715,1.1830616840325745,0.7193539977543714,1.1352931488398104,1.3968604624255139,1.1838761851287178,1.22044538357024,1.2027059064128371,0.5102509478172205,0.8691341132114613,1.2678144473930595]","[{""layout_seed"":42,""subset_seed"":1042,""indices_sha256"":""f21a6049aecd66457998ee8110618e72e93f0b8a7dca99d89354d300c1227f94""},{""layout_seed"":43,""subset_seed"":1043,""indices_sha256"":""4f4b2f59b597ed6a6289677b5380c5734ea1b9a6d9461db4459ee25ce256f1cf""},{""layout_seed"":44,""subset_seed"":1044,""indices_sha256"":""7b240478418ffe4e85da0391fb37b2c71f880fb7840cafb162ee95f18d69b2f2""},{""layout_seed"":45,""subset_seed"":1045,""indices_sha256"":""e2da847cde724d51bc98e40ef26a113a40793ca246f2d0ae12653044b1306f0e""},{""layout_seed"":46,""subset_seed"":1046,""indices_sha256"":""dd926a2ac07c39394ce769aa4c154a0ad4c328f1488628d453412625130f39db""},{""layout_seed"":47,""subset_seed"":1047,""indices_sha256"":""ca1d9fe953c53db333ab30391e8478aea8ff0262edf1be95a4d1c7ace11c6e2c""},{""layout_seed"":48,""subset_seed"":1048,""indices_sha256"":""4339ec215f1367435ab66440f1dca119ec07c63601bc6d435543730cdce20c64""},{""layout_seed"":49,""subset_seed"":1049,""indices_sha256"":""03aa2b39735a07362b898e09054bd4358358c9119084afa4e3be9f46cce1cf2a""},{""layout_seed"":50,""subset_seed"":1050,""indices_sha256"":""2df0442a26b31945a518a260b90224db8085616e444c38a1137bb12cd0c9f26c""},{""layout_seed"":51,""subset_seed"":1051,""indices_sha256"":""7df13e5b264af41ae8ae36df92359ac85ad4e1a86bd1291c8a0c9fc464b59a5a""},{""layout_seed"":52,""subset_seed"":1052,""indices_sha256"":""2d09cff7ce712cc34bf6067c83fc7837ec7e4e521b6e5fc082fc99cbf466753e""},{""layout_seed"":53,""subset_seed"":1053,""indices_sha256"":""7ab71e8644011afede30ae56e15ad19431d77e02d83548325da6af8837dfcd7d""},{""layout_seed"":54,""subset_seed"":1054,""indices_sha256"":""28bd194842383ab9fe7a444f497dc98c8ab2c6e54ef251b2b0ae9dfa6fd93eab""},{""layout_seed"":55,""subset_seed"":1055,""indices_sha256"":""2159089aeb7aef262563dfe98e85c3e537a025241e9b0cc2022dfef23a0bd790""},{""layout_seed"":56,""subset_seed"":1056,""indices_sha256"":""d857259751ce5fdac0deb773ec165c5053ff1866d5ad1017addcc736c7f47c10""},{""layout_seed"":57,""subset_seed"":1057,""indices_sha256"":""a86469a2f149e30b9e942084ff4386bed5af010f3149a4cc1a267911fb8a3414""},{""layout_seed"":58,""subset_seed"":1058,""indices_sha256"":""572bc10bda3007e87939e769bc9203729935e1192e822bccc8ecfd9aa4588a8c""},{""layout_seed"":59,""subset_seed"":1059,""indices_sha256"":""a4883fdba8984f06f62147152122ef348a77056745b35709a8ebbef3acb5ef10""},{""layout_seed"":60,""subset_seed"":1060,""indices_sha256"":""1b6dd378b9c2c669937b8f1619511d79814ea46a787d61433830d768f3ea575f""},{""layout_seed"":61,""subset_seed"":1061,""indices_sha256"":""b86253350f41076f23d3730930a753b3fdbe2b12d7c5db52f7513a429da00e57""}]",DiRe has lower discrepancy
disk,dtw_beta0,dire,cuml_tsne,cuML t-SNE,20,0.3131268556579909,1.0588760568873556,0.7457492012293646,0.02332610921981327,0.7348322460687675,0.7566661563899617,2.3816200614996124,1.7591234227952857,0.0732842033432099,1.0278662665026805,0.2803294089811216,"[0.7255063984648031,0.7496390261799162,0.755455447921483,0.7715968287350089,0.7252168018956555,0.7342700796086188,0.7426584996168788,0.7534616915952785,0.7583836895204707,0.7309669176085865,0.7703861590062232,0.768416704775553,0.7351099280808466,0.7994561528517932,0.7510989919279552,0.7665378314845958,0.6960274607222546,0.7317443514780569,0.7254761034451505,0.7235749596681651]","[{""layout_seed"":42,""subset_seed"":1042,""indices_sha256"":""f21a6049aecd66457998ee8110618e72e93f0b8a7dca99d89354d300c1227f94""},{""layout_seed"":43,""subset_seed"":1043,""indices_sha256"":""4f4b2f59b597ed6a6289677b5380c5734ea1b9a6d9461db4459ee25ce256f1cf""},{""layout_seed"":44,""subset_seed"":1044,""indices_sha256"":""7b240478418ffe4e85da0391fb37b2c71f880fb7840cafb162ee95f18d69b2f2""},{""layout_seed"":45,""subset_seed"":1045,""indices_sha256"":""e2da847cde724d51bc98e40ef26a113a40793ca246f2d0ae12653044b1306f0e""},{""layout_seed"":46,""subset_seed"":1046,""indices_sha256"":""dd926a2ac07c39394ce769aa4c154a0ad4c328f1488628d453412625130f39db""},{""layout_seed"":47,""subset_seed"":1047,""indices_sha256"":""ca1d9fe953c53db333ab30391e8478aea8ff0262edf1be95a4d1c7ace11c6e2c""},{""layout_seed"":48,""subset_seed"":1048,""indices_sha256"":""4339ec215f1367435ab66440f1dca119ec07c63601bc6d435543730cdce20c64""},{""layout_seed"":49,""subset_seed"":1049,""indices_sha256"":""03aa2b39735a07362b898e09054bd4358358c9119084afa4e3be9f46cce1cf2a""},{""layout_seed"":50,""subset_seed"":1050,""indices_sha256"":""2df0442a26b31945a518a260b90224db8085616e444c38a1137bb12cd0c9f26c""},{""layout_seed"":51,""subset_seed"":1051,""indices_sha256"":""7df13e5b264af41ae8ae36df92359ac85ad4e1a86bd1291c8a0c9fc464b59a5a""},{""layout_seed"":52,""subset_seed"":1052,""indices_sha256"":""2d09cff7ce712cc34bf6067c83fc7837ec7e4e521b6e5fc082fc99cbf466753e""},{""layout_seed"":53,""subset_seed"":1053,""indices_sha256"":""7ab71e8644011afede30ae56e15ad19431d77e02d83548325da6af8837dfcd7d""},{""layout_seed"":54,""subset_seed"":1054,""indices_sha256"":""28bd194842383ab9fe7a444f497dc98c8ab2c6e54ef251b2b0ae9dfa6fd93eab""},{""layout_seed"":55,""subset_seed"":1055,""indices_sha256"":""2159089aeb7aef262563dfe98e85c3e537a025241e9b0cc2022dfef23a0bd790""},{""layout_seed"":56,""subset_seed"":1056,""indices_sha256"":""d857259751ce5fdac0deb773ec165c5053ff1866d5ad1017addcc736c7f47c10""},{""layout_seed"":57,""subset_seed"":1057,""indices_sha256"":""a86469a2f149e30b9e942084ff4386bed5af010f3149a4cc1a267911fb8a3414""},{""layout_seed"":58,""subset_seed"":1058,""indices_sha256"":""572bc10bda3007e87939e769bc9203729935e1192e822bccc8ecfd9aa4588a8c""},{""layout_seed"":59,""subset_seed"":1059,""indices_sha256"":""a4883fdba8984f06f62147152122ef348a77056745b35709a8ebbef3acb5ef10""},{""layout_seed"":60,""subset_seed"":1060,""indices_sha256"":""1b6dd378b9c2c669937b8f1619511d79814ea46a787d61433830d768f3ea575f""},{""layout_seed"":61,""subset_seed"":1061,""indices_sha256"":""b86253350f41076f23d3730930a753b3fdbe2b12d7c5db52f7513a429da00e57""}]",DiRe has lower discrepancy
disk,dtw_beta1,dire,cuml_tsne,cuML t-SNE,20,0.5119643318774055,1.2473905132141527,0.7354261813367472,0.22971283300140605,0.627917266152556,0.8429350965209383,1.4364793317532356,1.2929866656301439,0.3482173556188679,0.9827741986540285,0.3888603823980987,"[0.5730138040128895,1.02223569252655,0.9648302707052225,0.5428629981573393,0.3377161470138247,1.0073027796288574,0.6401971351307518,0.5669372247985356,0.6096469219407128,0.5640694685698306,0.753540136092878,0.6578104294499713,0.5035747689650949,0.9438889007007396,0.8450984241293928,1.2964576082687098,0.7750591400752109,0.8884623164508555,0.5791299810668725,0.6366894790507055]","[{""layout_seed"":42,""subset_seed"":1042,""indices_sha256"":""f21a6049aecd66457998ee8110618e72e93f0b8a7dca99d89354d300c1227f94""},{""layout_seed"":43,""subset_seed"":1043,""indices_sha256"":""4f4b2f59b597ed6a6289677b5380c5734ea1b9a6d9461db4459ee25ce256f1cf""},{""layout_seed"":44,""subset_seed"":1044,""indices_sha256"":""7b240478418ffe4e85da0391fb37b2c71f880fb7840cafb162ee95f18d69b2f2""},{""layout_seed"":45,""subset_seed"":1045,""indices_sha256"":""e2da847cde724d51bc98e40ef26a113a40793ca246f2d0ae12653044b1306f0e""},{""layout_seed"":46,""subset_seed"":1046,""indices_sha256"":""dd926a2ac07c39394ce769aa4c154a0ad4c328f1488628d453412625130f39db""},{""layout_seed"":47,""subset_seed"":1047,""indices_sha256"":""ca1d9fe953c53db333ab30391e8478aea8ff0262edf1be95a4d1c7ace11c6e2c""},{""layout_seed"":48,""subset_seed"":1048,""indices_sha256"":""4339ec215f1367435ab66440f1dca119ec07c63601bc6d435543730cdce20c64""},{""layout_seed"":49,""subset_seed"":1049,""indices_sha256"":""03aa2b39735a07362b898e09054bd4358358c9119084afa4e3be9f46cce1cf2a""},{""layout_seed"":50,""subset_seed"":1050,""indices_sha256"":""2df0442a26b31945a518a260b90224db8085616e444c38a1137bb12cd0c9f26c""},{""layout_seed"":51,""subset_seed"":1051,""indices_sha256"":""7df13e5b264af41ae8ae36df92359ac85ad4e1a86bd1291c8a0c9fc464b59a5a""},{""layout_seed"":52,""subset_seed"":1052,""indices_sha256"":""2d09cff7ce712cc34bf6067c83fc7837ec7e4e521b6e5fc082fc99cbf466753e""},{""layout_seed"":53,""subset_seed"":1053,""indices_sha256"":""7ab71e8644011afede30ae56e15ad19431d77e02d83548325da6af8837dfcd7d""},{""layout_seed"":54,""subset_seed"":1054,""indices_sha256"":""28bd194842383ab9fe7a444f497dc98c8ab2c6e54ef251b2b0ae9dfa6fd93eab""},{""layout_seed"":55,""subset_seed"":1055,""indices_sha256"":""2159089aeb7aef262563dfe98e85c3e537a025241e9b0cc2022dfef23a0bd790""},{""layout_seed"":56,""subset_seed"":1056,""indices_sha256"":""d857259751ce5fdac0deb773ec165c5053ff1866d5ad1017addcc736c7f47c10""},{""layout_seed"":57,""subset_seed"":1057,""indices_sha256"":""a86469a2f149e30b9e942084ff4386bed5af010f3149a4cc1a267911fb8a3414""},{""layout_seed"":58,""subset_seed"":1058,""indices_sha256"":""572bc10bda3007e87939e769bc9203729935e1192e822bccc8ecfd9aa4588a8c""},{""layout_seed"":59,""subset_seed"":1059,""indices_sha256"":""a4883fdba8984f06f62147152122ef348a77056745b35709a8ebbef3acb5ef10""},{""layout_seed"":60,""subset_seed"":1060,""indices_sha256"":""1b6dd378b9c2c669937b8f1619511d79814ea46a787d61433830d768f3ea575f""},{""layout_seed"":61,""subset_seed"":1061,""indices_sha256"":""b86253350f41076f23d3730930a753b3fdbe2b12d7c5db52f7513a429da00e57""}]",DiRe has lower discrepancy
disk,dtw_beta0,dire,opentsne,openTSNE,10,0.3196870168400542,1.3908127179880165,1.0711257011479627,0.027479853944151835,1.0514677978539484,1.090783604441977,3.3505448914863765,2.1218855641062184,0.06017346124438895,1.3568193981043324,0.3059655820072925,"[1.0500759935474278,1.0700159883594578,1.0421326843660892,1.1042470695197704,1.096804269982389,1.0604154337488652,1.0987324826731726,1.0483405553903284,1.1045784446376858,1.0359140892544378]","[{""layout_seed"":42,""subset_seed"":1042,""indices_sha256"":""f21a6049aecd66457998ee8110618e72e93f0b8a7dca99d89354d300c1227f94""},{""layout_seed"":43,""subset_seed"":1043,""indices_sha256"":""4f4b2f59b597ed6a6289677b5380c5734ea1b9a6d9461db4459ee25ce256f1cf""},{""layout_seed"":44,""subset_seed"":1044,""indices_sha256"":""7b240478418ffe4e85da0391fb37b2c71f880fb7840cafb162ee95f18d69b2f2""},{""layout_seed"":45,""subset_seed"":1045,""indices_sha256"":""e2da847cde724d51bc98e40ef26a113a40793ca246f2d0ae12653044b1306f0e""},{""layout_seed"":46,""subset_seed"":1046,""indices_sha256"":""dd926a2ac07c39394ce769aa4c154a0ad4c328f1488628d453412625130f39db""},{""layout_seed"":47,""subset_seed"":1047,""indices_sha256"":""ca1d9fe953c53db333ab30391e8478aea8ff0262edf1be95a4d1c7ace11c6e2c""},{""layout_seed"":48,""subset_seed"":1048,""indices_sha256"":""4339ec215f1367435ab66440f1dca119ec07c63601bc6d435543730cdce20c64""},{""layout_seed"":49,""subset_seed"":1049,""indices_sha256"":""03aa2b39735a07362b898e09054bd4358358c9119084afa4e3be9f46cce1cf2a""},{""layout_seed"":50,""subset_seed"":1050,""indices_sha256"":""2df0442a26b31945a518a260b90224db8085616e444c38a1137bb12cd0c9f26c""},{""layout_seed"":51,""subset_seed"":1051,""indices_sha256"":""7df13e5b264af41ae8ae36df92359ac85ad4e1a86bd1291c8a0c9fc464b59a5a""}]",DiRe has lower discrepancy
disk,dtw_beta1,dire,opentsne,openTSNE,10,0.520767635712019,1.7798418112805137,1.259074175568495,0.09714273899868062,1.189582446360883,1.3285659047761071,2.417727387853178,1.7948761455364923,0.2466662385936829,1.6698218741719018,0.4149002257206275,"[1.195017256779224,1.1754962831081759,1.2156772362802228,1.200447011043873,1.216842609174991,1.3913626157275485,1.1648138732974356,1.4556501885105204,1.2936199700561755,1.281814711706783]","[{""layout_seed"":42,""subset_seed"":1042,""indices_sha256"":""f21a6049aecd66457998ee8110618e72e93f0b8a7dca99d89354d300c1227f94""},{""layout_seed"":43,""subset_seed"":1043,""indices_sha256"":""4f4b2f59b597ed6a6289677b5380c5734ea1b9a6d9461db4459ee25ce256f1cf""},{""layout_seed"":44,""subset_seed"":1044,""indices_sha256"":""7b240478418ffe4e85da0391fb37b2c71f880fb7840cafb162ee95f18d69b2f2""},{""layout_seed"":45,""subset_seed"":1045,""indices_sha256"":""e2da847cde724d51bc98e40ef26a113a40793ca246f2d0ae12653044b1306f0e""},{""layout_seed"":46,""subset_seed"":1046,""indices_sha256"":""dd926a2ac07c39394ce769aa4c154a0ad4c328f1488628d453412625130f39db""},{""layout_seed"":47,""subset_seed"":1047,""indices_sha256"":""ca1d9fe953c53db333ab30391e8478aea8ff0262edf1be95a4d1c7ace11c6e2c""},{""layout_seed"":48,""subset_seed"":1048,""indices_sha256"":""4339ec215f1367435ab66440f1dca119ec07c63601bc6d435543730cdce20c64""},{""layout_seed"":49,""subset_seed"":1049,""indices_sha256"":""03aa2b39735a07362b898e09054bd4358358c9119084afa4e3be9f46cce1cf2a""},{""layout_seed"":50,""subset_seed"":1050,""indices_sha256"":""2df0442a26b31945a518a260b90224db8085616e444c38a1137bb12cd0c9f26c""},{""layout_seed"":51,""subset_seed"":1051,""indices_sha256"":""7df13e5b264af41ae8ae36df92359ac85ad4e1a86bd1291c8a0c9fc464b59a5a""}]",DiRe has lower discrepancy
disk,dtw_beta0,dire,umap,umap-learn,10,0.3196870168400542,0.46795229100826113,0.14826527416820698,0.01435528439136334,0.13799612234167233,0.15853442599474163,0.4637825947194692,0.5499764028977168,0.05303483182094763,0.44765478551354115,0.3059655820072925,"[0.17234707194448057,0.14832078096239038,0.13978812693791526,0.16054007697394435,0.1654867777206206,0.1406431379919254,0.1543340050314153,0.13337047779050248,0.137568675373545,0.1302536109553305]","[{""layout_seed"":42,""subset_seed"":1042,""indices_sha256"":""f21a6049aecd66457998ee8110618e72e93f0b8a7dca99d89354d300c1227f94""},{""layout_seed"":43,""subset_seed"":1043,""indices_sha256"":""4f4b2f59b597ed6a6289677b5380c5734ea1b9a6d9461db4459ee25ce256f1cf""},{""layout_seed"":44,""subset_seed"":1044,""indices_sha256"":""7b240478418ffe4e85da0391fb37b2c71f880fb7840cafb162ee95f18d69b2f2""},{""layout_seed"":45,""subset_seed"":1045,""indices_sha256"":""e2da847cde724d51bc98e40ef26a113a40793ca246f2d0ae12653044b1306f0e""},{""layout_seed"":46,""subset_seed"":1046,""indices_sha256"":""dd926a2ac07c39394ce769aa4c154a0ad4c328f1488628d453412625130f39db""},{""layout_seed"":47,""subset_seed"":1047,""indices_sha256"":""ca1d9fe953c53db333ab30391e8478aea8ff0262edf1be95a4d1c7ace11c6e2c""},{""layout_seed"":48,""subset_seed"":1048,""indices_sha256"":""4339ec215f1367435ab66440f1dca119ec07c63601bc6d435543730cdce20c64""},{""layout_seed"":49,""subset_seed"":1049,""indices_sha256"":""03aa2b39735a07362b898e09054bd4358358c9119084afa4e3be9f46cce1cf2a""},{""layout_seed"":50,""subset_seed"":1050,""indices_sha256"":""2df0442a26b31945a518a260b90224db8085616e444c38a1137bb12cd0c9f26c""},{""layout_seed"":51,""subset_seed"":1051,""indices_sha256"":""7df13e5b264af41ae8ae36df92359ac85ad4e1a86bd1291c8a0c9fc464b59a5a""}]",DiRe has lower discrepancy
disk,dtw_beta1,dire,umap,umap-learn,10,0.520767635712019,0.9658466207286311,0.44507898501661225,0.16551405859472082,0.32667736016564547,0.5634806098675791,0.8546594574912062,0.8921524438093875,0.31411995666967846,0.6799608318188368,0.4149002257206275,"[0.33213050103977604,0.4346362576847097,0.2102532607957303,0.19958140514044465,0.552536593271472,0.5402612200618584,0.5096711919294312,0.7252665058275776,0.3913516032194421,0.5551013111956803]","[{""layout_seed"":42,""subset_seed"":1042,""indices_sha256"":""f21a6049aecd66457998ee8110618e72e93f0b8a7dca99d89354d300c1227f94""},{""layout_seed"":43,""subset_seed"":1043,""indices_sha256"":""4f4b2f59b597ed6a6289677b5380c5734ea1b9a6d9461db4459ee25ce256f1cf""},{""layout_seed"":44,""subset_seed"":1044,""indices_sha256"":""7b240478418ffe4e85da0391fb37b2c71f880fb7840cafb162ee95f18d69b2f2""},{""layout_seed"":45,""subset_seed"":1045,""indices_sha256"":""e2da847cde724d51bc98e40ef26a113a40793ca246f2d0ae12653044b1306f0e""},{""layout_seed"":46,""subset_seed"":1046,""indices_sha256"":""dd926a2ac07c39394ce769aa4c154a0ad4c328f1488628d453412625130f39db""},{""layout_seed"":47,""subset_seed"":1047,""indices_sha256"":""ca1d9fe953c53db333ab30391e8478aea8ff0262edf1be95a4d1c7ace11c6e2c""},{""layout_seed"":48,""subset_seed"":1048,""indices_sha256"":""4339ec215f1367435ab66440f1dca119ec07c63601bc6d435543730cdce20c64""},{""layout_seed"":49,""subset_seed"":1049,""indices_sha256"":""03aa2b39735a07362b898e09054bd4358358c9119084afa4e3be9f46cce1cf2a""},{""layout_seed"":50,""subset_seed"":1050,""indices_sha256"":""2df0442a26b31945a518a260b90224db8085616e444c38a1137bb12cd0c9f26c""},{""layout_seed"":51,""subset_seed"":1051,""indices_sha256"":""7df13e5b264af41ae8ae36df92359ac85ad4e1a86bd1291c8a0c9fc464b59a5a""}]",DiRe has lower discrepancy
moons,dtw_beta0,dire,cuml_umap,cuML UMAP,20,0.3306884351530372,0.4452385693023112,0.11455013414927395,0.039148780360353956,0.09622794094685909,0.13287232735168883,0.34639897248375806,0.42689126671599087,0.13372444225566124,0.3797944517947482,0.29938623473342285,"[0.17687989177445956,0.15176405270412024,0.0947604947104656,0.05534373779203611,0.17846577345459536,0.14952339195864528,0.05770447145324176,0.10279987721692818,0.064567012344318,0.11284495560254898,0.1650207126300265,0.0873231527397279,0.09637885253326256,0.0888966269128394,0.13920411785360226,0.1616642032227964,0.0985781398557497,0.08290153876344009,0.0988890557817872,0.12749262368088798]","[{""layout_seed"":42,""subset_seed"":1042,""indices_sha256"":""f21a6049aecd66457998ee8110618e72e93f0b8a7dca99d89354d300c1227f94""},{""layout_seed"":43,""subset_seed"":1043,""indices_sha256"":""4f4b2f59b597ed6a6289677b5380c5734ea1b9a6d9461db4459ee25ce256f1cf""},{""layout_seed"":44,""subset_seed"":1044,""indices_sha256"":""7b240478418ffe4e85da0391fb37b2c71f880fb7840cafb162ee95f18d69b2f2""},{""layout_seed"":45,""subset_seed"":1045,""indices_sha256"":""e2da847cde724d51bc98e40ef26a113a40793ca246f2d0ae12653044b1306f0e""},{""layout_seed"":46,""subset_seed"":1046,""indices_sha256"":""dd926a2ac07c39394ce769aa4c154a0ad4c328f1488628d453412625130f39db""},{""layout_seed"":47,""subset_seed"":1047,""indices_sha256"":""ca1d9fe953c53db333ab30391e8478aea8ff0262edf1be95a4d1c7ace11c6e2c""},{""layout_seed"":48,""subset_seed"":1048,""indices_sha256"":""4339ec215f1367435ab66440f1dca119ec07c63601bc6d435543730cdce20c64""},{""layout_seed"":49,""subset_seed"":1049,""indices_sha256"":""03aa2b39735a07362b898e09054bd4358358c9119084afa4e3be9f46cce1cf2a""},{""layout_seed"":50,""subset_seed"":1050,""indices_sha256"":""2df0442a26b31945a518a260b90224db8085616e444c38a1137bb12cd0c9f26c""},{""layout_seed"":51,""subset_seed"":1051,""indices_sha256"":""7df13e5b264af41ae8ae36df92359ac85ad4e1a86bd1291c8a0c9fc464b59a5a""},{""layout_seed"":52,""subset_seed"":1052,""indices_sha256"":""2d09cff7ce712cc34bf6067c83fc7837ec7e4e521b6e5fc082fc99cbf466753e""},{""layout_seed"":53,""subset_seed"":1053,""indices_sha256"":""7ab71e8644011afede30ae56e15ad19431d77e02d83548325da6af8837dfcd7d""},{""layout_seed"":54,""subset_seed"":1054,""indices_sha256"":""28bd194842383ab9fe7a444f497dc98c8ab2c6e54ef251b2b0ae9dfa6fd93eab""},{""layout_seed"":55,""subset_seed"":1055,""indices_sha256"":""2159089aeb7aef262563dfe98e85c3e537a025241e9b0cc2022dfef23a0bd790""},{""layout_seed"":56,""subset_seed"":1056,""indices_sha256"":""d857259751ce5fdac0deb773ec165c5053ff1866d5ad1017addcc736c7f47c10""},{""layout_seed"":57,""subset_seed"":1057,""indices_sha256"":""a86469a2f149e30b9e942084ff4386bed5af010f3149a4cc1a267911fb8a3414""},{""layout_seed"":58,""subset_seed"":1058,""indices_sha256"":""572bc10bda3007e87939e769bc9203729935e1192e822bccc8ecfd9aa4588a8c""},{""layout_seed"":59,""subset_seed"":1059,""indices_sha256"":""a4883fdba8984f06f62147152122ef348a77056745b35709a8ebbef3acb5ef10""},{""layout_seed"":60,""subset_seed"":1060,""indices_sha256"":""1b6dd378b9c2c669937b8f1619511d79814ea46a787d61433830d768f3ea575f""},{""layout_seed"":61,""subset_seed"":1061,""indices_sha256"":""b86253350f41076f23d3730930a753b3fdbe2b12d7c5db52f7513a429da00e57""}]",DiRe has lower discrepancy
moons,dtw_beta1,dire,cuml_umap,cuML UMAP,20,0.409111276879066,0.4870103534355468,0.07789907655648058,0.1694669383437662,-0.0014138920002782773,0.15721204511323944,0.19041048477260059,0.23169331033986493,0.4565125504793262,0.1865849960695662,0.12432658115467916,"[-0.010488209031422335,0.08767975777570042,0.274387729116273,-0.03272601013878956,0.22834599384428023,-0.23316653555101297,0.043569792020123926,-0.058052575294830655,0.1884064574293176,0.28340492183142024,0.08118783187543233,-0.05033810062488975,-0.1555500898835085,0.011415313715662179,0.062258414914887025,0.4976426744964668,0.19026353055861878,0.177872769191591,0.018081826274577883,-0.046213961390285996]","[{""layout_seed"":42,""subset_seed"":1042,""indices_sha256"":""f21a6049aecd66457998ee8110618e72e93f0b8a7dca99d89354d300c1227f94""},{""layout_seed"":43,""subset_seed"":1043,""indices_sha256"":""4f4b2f59b597ed6a6289677b5380c5734ea1b9a6d9461db4459ee25ce256f1cf""},{""layout_seed"":44,""subset_seed"":1044,""indices_sha256"":""7b240478418ffe4e85da0391fb37b2c71f880fb7840cafb162ee95f18d69b2f2""},{""layout_seed"":45,""subset_seed"":1045,""indices_sha256"":""e2da847cde724d51bc98e40ef26a113a40793ca246f2d0ae12653044b1306f0e""},{""layout_seed"":46,""subset_seed"":1046,""indices_sha256"":""dd926a2ac07c39394ce769aa4c154a0ad4c328f1488628d453412625130f39db""},{""layout_seed"":47,""subset_seed"":1047,""indices_sha256"":""ca1d9fe953c53db333ab30391e8478aea8ff0262edf1be95a4d1c7ace11c6e2c""},{""layout_seed"":48,""subset_seed"":1048,""indices_sha256"":""4339ec215f1367435ab66440f1dca119ec07c63601bc6d435543730cdce20c64""},{""layout_seed"":49,""subset_seed"":1049,""indices_sha256"":""03aa2b39735a07362b898e09054bd4358358c9119084afa4e3be9f46cce1cf2a""},{""layout_seed"":50,""subset_seed"":1050,""indices_sha256"":""2df0442a26b31945a518a260b90224db8085616e444c38a1137bb12cd0c9f26c""},{""layout_seed"":51,""subset_seed"":1051,""indices_sha256"":""7df13e5b264af41ae8ae36df92359ac85ad4e1a86bd1291c8a0c9fc464b59a5a""},{""layout_seed"":52,""subset_seed"":1052,""indices_sha256"":""2d09cff7ce712cc34bf6067c83fc7837ec7e4e521b6e5fc082fc99cbf466753e""},{""layout_seed"":53,""subset_seed"":1053,""indices_sha256"":""7ab71e8644011afede30ae56e15ad19431d77e02d83548325da6af8837dfcd7d""},{""layout_seed"":54,""subset_seed"":1054,""indices_sha256"":""28bd194842383ab9fe7a444f497dc98c8ab2c6e54ef251b2b0ae9dfa6fd93eab""},{""layout_seed"":55,""subset_seed"":1055,""indices_sha256"":""2159089aeb7aef262563dfe98e85c3e537a025241e9b0cc2022dfef23a0bd790""},{""layout_seed"":56,""subset_seed"":1056,""indices_sha256"":""d857259751ce5fdac0deb773ec165c5053ff1866d5ad1017addcc736c7f47c10""},{""layout_seed"":57,""subset_seed"":1057,""indices_sha256"":""a86469a2f149e30b9e942084ff4386bed5af010f3149a4cc1a267911fb8a3414""},{""layout_seed"":58,""subset_seed"":1058,""indices_sha256"":""572bc10bda3007e87939e769bc9203729935e1192e822bccc8ecfd9aa4588a8c""},{""layout_seed"":59,""subset_seed"":1059,""indices_sha256"":""a4883fdba8984f06f62147152122ef348a77056745b35709a8ebbef3acb5ef10""},{""layout_seed"":60,""subset_seed"":1060,""indices_sha256"":""1b6dd378b9c2c669937b8f1619511d79814ea46a787d61433830d768f3ea575f""},{""layout_seed"":61,""subset_seed"":1061,""indices_sha256"":""b86253350f41076f23d3730930a753b3fdbe2b12d7c5db52f7513a429da00e57""}]",paired-mean direction unresolved
moons,dtw_beta0,dire,cuml_tsne,cuML t-SNE,20,0.3306884351530372,0.9726679326491782,0.6419794974961408,0.048994611996856334,0.6190493132446578,0.6649096817476238,1.9413424518430564,1.557236192250126,0.0986279907916835,0.8940176502336525,0.29938623473342285,"[0.6692234300652282,0.6760041183384973,0.6401916260854221,0.5629105093129405,0.582167744253134,0.5555827509497251,0.6745531903593875,0.5927072529681339,0.6655388585316035,0.6256032494991315,0.6911070433250623,0.6107702727399351,0.6741283592969951,0.6241896454106877,0.7197842072102356,0.6310458097357263,0.6171996671217099,0.7337831566250158,0.6141019432586805,0.678997114835564]","[{""layout_seed"":42,""subset_seed"":1042,""indices_sha256"":""f21a6049aecd66457998ee8110618e72e93f0b8a7dca99d89354d300c1227f94""},{""layout_seed"":43,""subset_seed"":1043,""indices_sha256"":""4f4b2f59b597ed6a6289677b5380c5734ea1b9a6d9461db4459ee25ce256f1cf""},{""layout_seed"":44,""subset_seed"":1044,""indices_sha256"":""7b240478418ffe4e85da0391fb37b2c71f880fb7840cafb162ee95f18d69b2f2""},{""layout_seed"":45,""subset_seed"":1045,""indices_sha256"":""e2da847cde724d51bc98e40ef26a113a40793ca246f2d0ae12653044b1306f0e""},{""layout_seed"":46,""subset_seed"":1046,""indices_sha256"":""dd926a2ac07c39394ce769aa4c154a0ad4c328f1488628d453412625130f39db""},{""layout_seed"":47,""subset_seed"":1047,""indices_sha256"":""ca1d9fe953c53db333ab30391e8478aea8ff0262edf1be95a4d1c7ace11c6e2c""},{""layout_seed"":48,""subset_seed"":1048,""indices_sha256"":""4339ec215f1367435ab66440f1dca119ec07c63601bc6d435543730cdce20c64""},{""layout_seed"":49,""subset_seed"":1049,""indices_sha256"":""03aa2b39735a07362b898e09054bd4358358c9119084afa4e3be9f46cce1cf2a""},{""layout_seed"":50,""subset_seed"":1050,""indices_sha256"":""2df0442a26b31945a518a260b90224db8085616e444c38a1137bb12cd0c9f26c""},{""layout_seed"":51,""subset_seed"":1051,""indices_sha256"":""7df13e5b264af41ae8ae36df92359ac85ad4e1a86bd1291c8a0c9fc464b59a5a""},{""layout_seed"":52,""subset_seed"":1052,""indices_sha256"":""2d09cff7ce712cc34bf6067c83fc7837ec7e4e521b6e5fc082fc99cbf466753e""},{""layout_seed"":53,""subset_seed"":1053,""indices_sha256"":""7ab71e8644011afede30ae56e15ad19431d77e02d83548325da6af8837dfcd7d""},{""layout_seed"":54,""subset_seed"":1054,""indices_sha256"":""28bd194842383ab9fe7a444f497dc98c8ab2c6e54ef251b2b0ae9dfa6fd93eab""},{""layout_seed"":55,""subset_seed"":1055,""indices_sha256"":""2159089aeb7aef262563dfe98e85c3e537a025241e9b0cc2022dfef23a0bd790""},{""layout_seed"":56,""subset_seed"":1056,""indices_sha256"":""d857259751ce5fdac0deb773ec165c5053ff1866d5ad1017addcc736c7f47c10""},{""layout_seed"":57,""subset_seed"":1057,""indices_sha256"":""a86469a2f149e30b9e942084ff4386bed5af010f3149a4cc1a267911fb8a3414""},{""layout_seed"":58,""subset_seed"":1058,""indices_sha256"":""572bc10bda3007e87939e769bc9203729935e1192e822bccc8ecfd9aa4588a8c""},{""layout_seed"":59,""subset_seed"":1059,""indices_sha256"":""a4883fdba8984f06f62147152122ef348a77056745b35709a8ebbef3acb5ef10""},{""layout_seed"":60,""subset_seed"":1060,""indices_sha256"":""1b6dd378b9c2c669937b8f1619511d79814ea46a787d61433830d768f3ea575f""},{""layout_seed"":61,""subset_seed"":1061,""indices_sha256"":""b86253350f41076f23d3730930a753b3fdbe2b12d7c5db52f7513a429da00e57""}]",DiRe has lower discrepancy
moons,dtw_beta1,dire,cuml_tsne,cuML t-SNE,20,0.409111276879066,1.1624457150715513,0.7533344381924854,0.28667269085796493,0.6191674889437938,0.8875013874411769,1.841392503133499,1.5731806582126595,0.6414780270473152,0.8412524181458211,0.12432658115467916,"[0.9456387080401865,0.9643956946364347,0.531193440869715,1.0120948774127516,0.3145007822025524,0.4393859775451521,1.1209813765782193,0.834358765215022,0.7800928700903208,0.9042088275963711,1.4863253289343277,0.49821563991444145,0.3465654063628989,0.5743107265958084,0.7169258369911419,0.7126135124700469,0.9166031697132813,0.5632785499324452,0.5674750618247459,0.837524210923843]","[{""layout_seed"":42,""subset_seed"":1042,""indices_sha256"":""f21a6049aecd66457998ee8110618e72e93f0b8a7dca99d89354d300c1227f94""},{""layout_seed"":43,""subset_seed"":1043,""indices_sha256"":""4f4b2f59b597ed6a6289677b5380c5734ea1b9a6d9461db4459ee25ce256f1cf""},{""layout_seed"":44,""subset_seed"":1044,""indices_sha256"":""7b240478418ffe4e85da0391fb37b2c71f880fb7840cafb162ee95f18d69b2f2""},{""layout_seed"":45,""subset_seed"":1045,""indices_sha256"":""e2da847cde724d51bc98e40ef26a113a40793ca246f2d0ae12653044b1306f0e""},{""layout_seed"":46,""subset_seed"":1046,""indices_sha256"":""dd926a2ac07c39394ce769aa4c154a0ad4c328f1488628d453412625130f39db""},{""layout_seed"":47,""subset_seed"":1047,""indices_sha256"":""ca1d9fe953c53db333ab30391e8478aea8ff0262edf1be95a4d1c7ace11c6e2c""},{""layout_seed"":48,""subset_seed"":1048,""indices_sha256"":""4339ec215f1367435ab66440f1dca119ec07c63601bc6d435543730cdce20c64""},{""layout_seed"":49,""subset_seed"":1049,""indices_sha256"":""03aa2b39735a07362b898e09054bd4358358c9119084afa4e3be9f46cce1cf2a""},{""layout_seed"":50,""subset_seed"":1050,""indices_sha256"":""2df0442a26b31945a518a260b90224db8085616e444c38a1137bb12cd0c9f26c""},{""layout_seed"":51,""subset_seed"":1051,""indices_sha256"":""7df13e5b264af41ae8ae36df92359ac85ad4e1a86bd1291c8a0c9fc464b59a5a""},{""layout_seed"":52,""subset_seed"":1052,""indices_sha256"":""2d09cff7ce712cc34bf6067c83fc7837ec7e4e521b6e5fc082fc99cbf466753e""},{""layout_seed"":53,""subset_seed"":1053,""indices_sha256"":""7ab71e8644011afede30ae56e15ad19431d77e02d83548325da6af8837dfcd7d""},{""layout_seed"":54,""subset_seed"":1054,""indices_sha256"":""28bd194842383ab9fe7a444f497dc98c8ab2c6e54ef251b2b0ae9dfa6fd93eab""},{""layout_seed"":55,""subset_seed"":1055,""indices_sha256"":""2159089aeb7aef262563dfe98e85c3e537a025241e9b0cc2022dfef23a0bd790""},{""layout_seed"":56,""subset_seed"":1056,""indices_sha256"":""d857259751ce5fdac0deb773ec165c5053ff1866d5ad1017addcc736c7f47c10""},{""layout_seed"":57,""subset_seed"":1057,""indices_sha256"":""a86469a2f149e30b9e942084ff4386bed5af010f3149a4cc1a267911fb8a3414""},{""layout_seed"":58,""subset_seed"":1058,""indices_sha256"":""572bc10bda3007e87939e769bc9203729935e1192e822bccc8ecfd9aa4588a8c""},{""layout_seed"":59,""subset_seed"":1059,""indices_sha256"":""a4883fdba8984f06f62147152122ef348a77056745b35709a8ebbef3acb5ef10""},{""layout_seed"":60,""subset_seed"":1060,""indices_sha256"":""1b6dd378b9c2c669937b8f1619511d79814ea46a787d61433830d768f3ea575f""},{""layout_seed"":61,""subset_seed"":1061,""indices_sha256"":""b86253350f41076f23d3730930a753b3fdbe2b12d7c5db52f7513a429da00e57""}]",DiRe has lower discrepancy
moons,dtw_beta0,dire,opentsne,openTSNE,10,0.3324839771534996,1.131138710233237,0.7986547330797376,0.02933433405088741,0.7776702146343848,0.8196392515250903,2.4020848761413203,1.7690731829291413,0.09007394021506261,1.09207383896889,0.29938623473342285,"[0.7970277975146101,0.8680934145351864,0.773087235650924,0.7747406665038865,0.8058440127496892,0.8121491623159869,0.8113456832573147,0.7691136732866068,0.7780482666322903,0.7970974183508808]","[{""layout_seed"":42,""subset_seed"":1042,""indices_sha256"":""f21a6049aecd66457998ee8110618e72e93f0b8a7dca99d89354d300c1227f94""},{""layout_seed"":43,""subset_seed"":1043,""indices_sha256"":""4f4b2f59b597ed6a6289677b5380c5734ea1b9a6d9461db4459ee25ce256f1cf""},{""layout_seed"":44,""subset_seed"":1044,""indices_sha256"":""7b240478418ffe4e85da0391fb37b2c71f880fb7840cafb162ee95f18d69b2f2""},{""layout_seed"":45,""subset_seed"":1045,""indices_sha256"":""e2da847cde724d51bc98e40ef26a113a40793ca246f2d0ae12653044b1306f0e""},{""layout_seed"":46,""subset_seed"":1046,""indices_sha256"":""dd926a2ac07c39394ce769aa4c154a0ad4c328f1488628d453412625130f39db""},{""layout_seed"":47,""subset_seed"":1047,""indices_sha256"":""ca1d9fe953c53db333ab30391e8478aea8ff0262edf1be95a4d1c7ace11c6e2c""},{""layout_seed"":48,""subset_seed"":1048,""indices_sha256"":""4339ec215f1367435ab66440f1dca119ec07c63601bc6d435543730cdce20c64""},{""layout_seed"":49,""subset_seed"":1049,""indices_sha256"":""03aa2b39735a07362b898e09054bd4358358c9119084afa4e3be9f46cce1cf2a""},{""layout_seed"":50,""subset_seed"":1050,""indices_sha256"":""2df0442a26b31945a518a260b90224db8085616e444c38a1137bb12cd0c9f26c""},{""layout_seed"":51,""subset_seed"":1051,""indices_sha256"":""7df13e5b264af41ae8ae36df92359ac85ad4e1a86bd1291c8a0c9fc464b59a5a""}]",DiRe has lower discrepancy
moons,dtw_beta1,dire,opentsne,openTSNE,10,0.4183395553698571,1.0087188831561025,0.590379327786245,0.10296914813586823,0.5167196365653353,0.6640390190071548,1.4112443353923017,1.327990878251158,0.3872252737039324,0.9573168716952154,0.24632230241595712,"[0.6145422835641625,0.6122251748557876,0.5673260401422737,0.6147654248574842,0.47567850907755405,0.3648621551337108,0.7109945692792583,0.596256538692642,0.6535972160477954,0.6935453662117821]","[{""layout_seed"":42,""subset_seed"":1042,""indices_sha256"":""f21a6049aecd66457998ee8110618e72e93f0b8a7dca99d89354d300c1227f94""},{""layout_seed"":43,""subset_seed"":1043,""indices_sha256"":""4f4b2f59b597ed6a6289677b5380c5734ea1b9a6d9461db4459ee25ce256f1cf""},{""layout_seed"":44,""subset_seed"":1044,""indices_sha256"":""7b240478418ffe4e85da0391fb37b2c71f880fb7840cafb162ee95f18d69b2f2""},{""layout_seed"":45,""subset_seed"":1045,""indices_sha256"":""e2da847cde724d51bc98e40ef26a113a40793ca246f2d0ae12653044b1306f0e""},{""layout_seed"":46,""subset_seed"":1046,""indices_sha256"":""dd926a2ac07c39394ce769aa4c154a0ad4c328f1488628d453412625130f39db""},{""layout_seed"":47,""subset_seed"":1047,""indices_sha256"":""ca1d9fe953c53db333ab30391e8478aea8ff0262edf1be95a4d1c7ace11c6e2c""},{""layout_seed"":48,""subset_seed"":1048,""indices_sha256"":""4339ec215f1367435ab66440f1dca119ec07c63601bc6d435543730cdce20c64""},{""layout_seed"":49,""subset_seed"":1049,""indices_sha256"":""03aa2b39735a07362b898e09054bd4358358c9119084afa4e3be9f46cce1cf2a""},{""layout_seed"":50,""subset_seed"":1050,""indices_sha256"":""2df0442a26b31945a518a260b90224db8085616e444c38a1137bb12cd0c9f26c""},{""layout_seed"":51,""subset_seed"":1051,""indices_sha256"":""7df13e5b264af41ae8ae36df92359ac85ad4e1a86bd1291c8a0c9fc464b59a5a""}]",DiRe has lower discrepancy
moons,dtw_beta0,dire,umap,umap-learn,10,0.3324839771534996,0.43691117053134015,0.10442719337784061,0.034879554884569446,0.07947586291398102,0.12937852384170018,0.3140818822966292,0.3950899173076058,0.13291242003916123,0.3972373566404437,0.29938623473342285,"[0.11041917776643373,0.16916511106296606,0.08928585481754137,0.08382645046011705,0.15523188237332308,0.09128604866969459,0.05164403479577129,0.10230714095026017,0.08200991719001349,0.10909631569228523]","[{""layout_seed"":42,""subset_seed"":1042,""indices_sha256"":""f21a6049aecd66457998ee8110618e72e93f0b8a7dca99d89354d300c1227f94""},{""layout_seed"":43,""subset_seed"":1043,""indices_sha256"":""4f4b2f59b597ed6a6289677b5380c5734ea1b9a6d9461db4459ee25ce256f1cf""},{""layout_seed"":44,""subset_seed"":1044,""indices_sha256"":""7b240478418ffe4e85da0391fb37b2c71f880fb7840cafb162ee95f18d69b2f2""},{""layout_seed"":45,""subset_seed"":1045,""indices_sha256"":""e2da847cde724d51bc98e40ef26a113a40793ca246f2d0ae12653044b1306f0e""},{""layout_seed"":46,""subset_seed"":1046,""indices_sha256"":""dd926a2ac07c39394ce769aa4c154a0ad4c328f1488628d453412625130f39db""},{""layout_seed"":47,""subset_seed"":1047,""indices_sha256"":""ca1d9fe953c53db333ab30391e8478aea8ff0262edf1be95a4d1c7ace11c6e2c""},{""layout_seed"":48,""subset_seed"":1048,""indices_sha256"":""4339ec215f1367435ab66440f1dca119ec07c63601bc6d435543730cdce20c64""},{""layout_seed"":49,""subset_seed"":1049,""indices_sha256"":""03aa2b39735a07362b898e09054bd4358358c9119084afa4e3be9f46cce1cf2a""},{""layout_seed"":50,""subset_seed"":1050,""indices_sha256"":""2df0442a26b31945a518a260b90224db8085616e444c38a1137bb12cd0c9f26c""},{""layout_seed"":51,""subset_seed"":1051,""indices_sha256"":""7df13e5b264af41ae8ae36df92359ac85ad4e1a86bd1291c8a0c9fc464b59a5a""}]",DiRe has lower discrepancy
moons,dtw_beta1,dire,umap,umap-learn,10,0.4183395553698571,0.459857342379526,0.04151778700966873,0.18722066775688403,-0.09241181061065759,0.17544738462999507,0.09924422990066657,0.05760513866431838,0.5353799938733631,0.2538985803711951,0.24632230241595712,"[-0.12818065312773058,0.48556462771675524,0.09395289098896792,-0.14957349593582592,0.07339218781059342,-0.09827498608635166,0.007576277955237992,0.18061114405989137,-0.0120585436230487,-0.037831579661801784]","[{""layout_seed"":42,""subset_seed"":1042,""indices_sha256"":""f21a6049aecd66457998ee8110618e72e93f0b8a7dca99d89354d300c1227f94""},{""layout_seed"":43,""subset_seed"":1043,""indices_sha256"":""4f4b2f59b597ed6a6289677b5380c5734ea1b9a6d9461db4459ee25ce256f1cf""},{""layout_seed"":44,""subset_seed"":1044,""indices_sha256"":""7b240478418ffe4e85da0391fb37b2c71f880fb7840cafb162ee95f18d69b2f2""},{""layout_seed"":45,""subset_seed"":1045,""indices_sha256"":""e2da847cde724d51bc98e40ef26a113a40793ca246f2d0ae12653044b1306f0e""},{""layout_seed"":46,""subset_seed"":1046,""indices_sha256"":""dd926a2ac07c39394ce769aa4c154a0ad4c328f1488628d453412625130f39db""},{""layout_seed"":47,""subset_seed"":1047,""indices_sha256"":""ca1d9fe953c53db333ab30391e8478aea8ff0262edf1be95a4d1c7ace11c6e2c""},{""layout_seed"":48,""subset_seed"":1048,""indices_sha256"":""4339ec215f1367435ab66440f1dca119ec07c63601bc6d435543730cdce20c64""},{""layout_seed"":49,""subset_seed"":1049,""indices_sha256"":""03aa2b39735a07362b898e09054bd4358358c9119084afa4e3be9f46cce1cf2a""},{""layout_seed"":50,""subset_seed"":1050,""indices_sha256"":""2df0442a26b31945a518a260b90224db8085616e444c38a1137bb12cd0c9f26c""},{""layout_seed"":51,""subset_seed"":1051,""indices_sha256"":""7df13e5b264af41ae8ae36df92359ac85ad4e1a86bd1291c8a0c9fc464b59a5a""}]",paired-mean direction unresolved
mnist,dtw_beta0,dire,cuml_umap,cuML UMAP,20,1.2934670874583567,1.1704045094998583,-0.12306257795849873,0.07234344742498433,-0.15692035356347345,-0.08920480235352403,-0.09514163843187912,-0.1435477112392083,0.08235990452767483,1.0849702060357174,1.2024633832018112,"[-0.22682521156700575,-0.18807521187369236,-0.17755090401133344,-0.03959314180823448,-0.06881611177324842,-0.06748129992408636,-0.08128867229497416,-0.13509393712155693,-0.19017472165393356,-0.12417555069405517,-0.1487333755243032,-0.14292682251150146,-0.10812442384190857,-0.12779055171963027,-0.15138087739554784,-0.0411758083888214,-0.07968875618237448,-0.3050411260176793,-0.04370505907968658,-0.013609995786400653]","[{""layout_seed"":42,""subset_seed"":1042,""indices_sha256"":""f21a6049aecd66457998ee8110618e72e93f0b8a7dca99d89354d300c1227f94""},{""layout_seed"":43,""subset_seed"":1043,""indices_sha256"":""4f4b2f59b597ed6a6289677b5380c5734ea1b9a6d9461db4459ee25ce256f1cf""},{""layout_seed"":44,""subset_seed"":1044,""indices_sha256"":""7b240478418ffe4e85da0391fb37b2c71f880fb7840cafb162ee95f18d69b2f2""},{""layout_seed"":45,""subset_seed"":1045,""indices_sha256"":""e2da847cde724d51bc98e40ef26a113a40793ca246f2d0ae12653044b1306f0e""},{""layout_seed"":46,""subset_seed"":1046,""indices_sha256"":""dd926a2ac07c39394ce769aa4c154a0ad4c328f1488628d453412625130f39db""},{""layout_seed"":47,""subset_seed"":1047,""indices_sha256"":""ca1d9fe953c53db333ab30391e8478aea8ff0262edf1be95a4d1c7ace11c6e2c""},{""layout_seed"":48,""subset_seed"":1048,""indices_sha256"":""4339ec215f1367435ab66440f1dca119ec07c63601bc6d435543730cdce20c64""},{""layout_seed"":49,""subset_seed"":1049,""indices_sha256"":""03aa2b39735a07362b898e09054bd4358358c9119084afa4e3be9f46cce1cf2a""},{""layout_seed"":50,""subset_seed"":1050,""indices_sha256"":""2df0442a26b31945a518a260b90224db8085616e444c38a1137bb12cd0c9f26c""},{""layout_seed"":51,""subset_seed"":1051,""indices_sha256"":""7df13e5b264af41ae8ae36df92359ac85ad4e1a86bd1291c8a0c9fc464b59a5a""},{""layout_seed"":52,""subset_seed"":1052,""indices_sha256"":""2d09cff7ce712cc34bf6067c83fc7837ec7e4e521b6e5fc082fc99cbf466753e""},{""layout_seed"":53,""subset_seed"":1053,""indices_sha256"":""7ab71e8644011afede30ae56e15ad19431d77e02d83548325da6af8837dfcd7d""},{""layout_seed"":54,""subset_seed"":1054,""indices_sha256"":""28bd194842383ab9fe7a444f497dc98c8ab2c6e54ef251b2b0ae9dfa6fd93eab""},{""layout_seed"":55,""subset_seed"":1055,""indices_sha256"":""2159089aeb7aef262563dfe98e85c3e537a025241e9b0cc2022dfef23a0bd790""},{""layout_seed"":56,""subset_seed"":1056,""indices_sha256"":""d857259751ce5fdac0deb773ec165c5053ff1866d5ad1017addcc736c7f47c10""},{""layout_seed"":57,""subset_seed"":1057,""indices_sha256"":""a86469a2f149e30b9e942084ff4386bed5af010f3149a4cc1a267911fb8a3414""},{""layout_seed"":58,""subset_seed"":1058,""indices_sha256"":""572bc10bda3007e87939e769bc9203729935e1192e822bccc8ecfd9aa4588a8c""},{""layout_seed"":59,""subset_seed"":1059,""indices_sha256"":""a4883fdba8984f06f62147152122ef348a77056745b35709a8ebbef3acb5ef10""},{""layout_seed"":60,""subset_seed"":1060,""indices_sha256"":""1b6dd378b9c2c669937b8f1619511d79814ea46a787d61433830d768f3ea575f""},{""layout_seed"":61,""subset_seed"":1061,""indices_sha256"":""b86253350f41076f23d3730930a753b3fdbe2b12d7c5db52f7513a429da00e57""}]",cuML UMAP has lower discrepancy
mnist,dtw_beta1,dire,cuml_umap,cuML UMAP,20,32.07753400701567,33.04419112737008,0.9666571203544173,1.2028709904186499,0.40369616777389206,1.5296180729349427,0.03013501973508936,0.044352041676393485,0.05715341881598549,26.51165512848921,24.79147493263845,"[-0.004382212189590007,1.8137129779003551,-0.7795003183558329,2.3436168874245524,-0.3228895019955331,0.982733377971222,2.862448832040336,-0.09835422244589864,1.5355850798959487,1.2291341319102145,0.6689895003297117,1.5008880154314639,1.7937867917123356,2.386085360074947,0.2196205679629628,0.13885434267993446,0.7332778491705696,3.214835576656906,0.15073588537252647,-1.036036514458786]","[{""layout_seed"":42,""subset_seed"":1042,""indices_sha256"":""f21a6049aecd66457998ee8110618e72e93f0b8a7dca99d89354d300c1227f94""},{""layout_seed"":43,""subset_seed"":1043,""indices_sha256"":""4f4b2f59b597ed6a6289677b5380c5734ea1b9a6d9461db4459ee25ce256f1cf""},{""layout_seed"":44,""subset_seed"":1044,""indices_sha256"":""7b240478418ffe4e85da0391fb37b2c71f880fb7840cafb162ee95f18d69b2f2""},{""layout_seed"":45,""subset_seed"":1045,""indices_sha256"":""e2da847cde724d51bc98e40ef26a113a40793ca246f2d0ae12653044b1306f0e""},{""layout_seed"":46,""subset_seed"":1046,""indices_sha256"":""dd926a2ac07c39394ce769aa4c154a0ad4c328f1488628d453412625130f39db""},{""layout_seed"":47,""subset_seed"":1047,""indices_sha256"":""ca1d9fe953c53db333ab30391e8478aea8ff0262edf1be95a4d1c7ace11c6e2c""},{""layout_seed"":48,""subset_seed"":1048,""indices_sha256"":""4339ec215f1367435ab66440f1dca119ec07c63601bc6d435543730cdce20c64""},{""layout_seed"":49,""subset_seed"":1049,""indices_sha256"":""03aa2b39735a07362b898e09054bd4358358c9119084afa4e3be9f46cce1cf2a""},{""layout_seed"":50,""subset_seed"":1050,""indices_sha256"":""2df0442a26b31945a518a260b90224db8085616e444c38a1137bb12cd0c9f26c""},{""layout_seed"":51,""subset_seed"":1051,""indices_sha256"":""7df13e5b264af41ae8ae36df92359ac85ad4e1a86bd1291c8a0c9fc464b59a5a""},{""layout_seed"":52,""subset_seed"":1052,""indices_sha256"":""2d09cff7ce712cc34bf6067c83fc7837ec7e4e521b6e5fc082fc99cbf466753e""},{""layout_seed"":53,""subset_seed"":1053,""indices_sha256"":""7ab71e8644011afede30ae56e15ad19431d77e02d83548325da6af8837dfcd7d""},{""layout_seed"":54,""subset_seed"":1054,""indices_sha256"":""28bd194842383ab9fe7a444f497dc98c8ab2c6e54ef251b2b0ae9dfa6fd93eab""},{""layout_seed"":55,""subset_seed"":1055,""indices_sha256"":""2159089aeb7aef262563dfe98e85c3e537a025241e9b0cc2022dfef23a0bd790""},{""layout_seed"":56,""subset_seed"":1056,""indices_sha256"":""d857259751ce5fdac0deb773ec165c5053ff1866d5ad1017addcc736c7f47c10""},{""layout_seed"":57,""subset_seed"":1057,""indices_sha256"":""a86469a2f149e30b9e942084ff4386bed5af010f3149a4cc1a267911fb8a3414""},{""layout_seed"":58,""subset_seed"":1058,""indices_sha256"":""572bc10bda3007e87939e769bc9203729935e1192e822bccc8ecfd9aa4588a8c""},{""layout_seed"":59,""subset_seed"":1059,""indices_sha256"":""a4883fdba8984f06f62147152122ef348a77056745b35709a8ebbef3acb5ef10""},{""layout_seed"":60,""subset_seed"":1060,""indices_sha256"":""1b6dd378b9c2c669937b8f1619511d79814ea46a787d61433830d768f3ea575f""},{""layout_seed"":61,""subset_seed"":1061,""indices_sha256"":""b86253350f41076f23d3730930a753b3fdbe2b12d7c5db52f7513a429da00e57""}]",practically comparable (within 5%)
mnist,dtw_beta0,dire,cuml_tsne,cuML t-SNE,20,1.2934670874583567,0.5816869315616926,-0.7117801558966642,0.08209029108925518,-0.7501995947536404,-0.673360717039688,-0.5502885715440209,-1.1536646270803403,0.12584467473756417,0.5304039987969017,1.2024633832018112,"[-0.8011921087619753,-0.775129317407361,-0.6335722672653867,-0.6365992501274577,-0.6772756356334632,-0.6039148307160082,-0.6988149889396783,-0.7440459113787599,-0.764385597687485,-0.6914457855868049,-0.7313949639646117,-0.7238074295988816,-0.6832718191855156,-0.7649167018154778,-0.8540075933069106,-0.5826150311533109,-0.6029447823135322,-0.8783033543692259,-0.6403206243600726,-0.7476451243613649]","[{""layout_seed"":42,""subset_seed"":1042,""indices_sha256"":""f21a6049aecd66457998ee8110618e72e93f0b8a7dca99d89354d300c1227f94""},{""layout_seed"":43,""subset_seed"":1043,""indices_sha256"":""4f4b2f59b597ed6a6289677b5380c5734ea1b9a6d9461db4459ee25ce256f1cf""},{""layout_seed"":44,""subset_seed"":1044,""indices_sha256"":""7b240478418ffe4e85da0391fb37b2c71f880fb7840cafb162ee95f18d69b2f2""},{""layout_seed"":45,""subset_seed"":1045,""indices_sha256"":""e2da847cde724d51bc98e40ef26a113a40793ca246f2d0ae12653044b1306f0e""},{""layout_seed"":46,""subset_seed"":1046,""indices_sha256"":""dd926a2ac07c39394ce769aa4c154a0ad4c328f1488628d453412625130f39db""},{""layout_seed"":47,""subset_seed"":1047,""indices_sha256"":""ca1d9fe953c53db333ab30391e8478aea8ff0262edf1be95a4d1c7ace11c6e2c""},{""layout_seed"":48,""subset_seed"":1048,""indices_sha256"":""4339ec215f1367435ab66440f1dca119ec07c63601bc6d435543730cdce20c64""},{""layout_seed"":49,""subset_seed"":1049,""indices_sha256"":""03aa2b39735a07362b898e09054bd4358358c9119084afa4e3be9f46cce1cf2a""},{""layout_seed"":50,""subset_seed"":1050,""indices_sha256"":""2df0442a26b31945a518a260b90224db8085616e444c38a1137bb12cd0c9f26c""},{""layout_seed"":51,""subset_seed"":1051,""indices_sha256"":""7df13e5b264af41ae8ae36df92359ac85ad4e1a86bd1291c8a0c9fc464b59a5a""},{""layout_seed"":52,""subset_seed"":1052,""indices_sha256"":""2d09cff7ce712cc34bf6067c83fc7837ec7e4e521b6e5fc082fc99cbf466753e""},{""layout_seed"":53,""subset_seed"":1053,""indices_sha256"":""7ab71e8644011afede30ae56e15ad19431d77e02d83548325da6af8837dfcd7d""},{""layout_seed"":54,""subset_seed"":1054,""indices_sha256"":""28bd194842383ab9fe7a444f497dc98c8ab2c6e54ef251b2b0ae9dfa6fd93eab""},{""layout_seed"":55,""subset_seed"":1055,""indices_sha256"":""2159089aeb7aef262563dfe98e85c3e537a025241e9b0cc2022dfef23a0bd790""},{""layout_seed"":56,""subset_seed"":1056,""indices_sha256"":""d857259751ce5fdac0deb773ec165c5053ff1866d5ad1017addcc736c7f47c10""},{""layout_seed"":57,""subset_seed"":1057,""indices_sha256"":""a86469a2f149e30b9e942084ff4386bed5af010f3149a4cc1a267911fb8a3414""},{""layout_seed"":58,""subset_seed"":1058,""indices_sha256"":""572bc10bda3007e87939e769bc9203729935e1192e822bccc8ecfd9aa4588a8c""},{""layout_seed"":59,""subset_seed"":1059,""indices_sha256"":""a4883fdba8984f06f62147152122ef348a77056745b35709a8ebbef3acb5ef10""},{""layout_seed"":60,""subset_seed"":1060,""indices_sha256"":""1b6dd378b9c2c669937b8f1619511d79814ea46a787d61433830d768f3ea575f""},{""layout_seed"":61,""subset_seed"":1061,""indices_sha256"":""b86253350f41076f23d3730930a753b3fdbe2b12d7c5db52f7513a429da00e57""}]",cuML t-SNE has lower discrepancy
mnist,dtw_beta1,dire,cuml_tsne,cuML t-SNE,20,32.07753400701567,29.56247797614218,-2.515056030873483,0.9942414904451241,-2.980375371862214,-2.0497366898847518,-0.07840552925057816,-0.11799670087133178,0.045323221970547875,23.19233239376628,24.79147493263845,"[-2.8646779992396034,-1.5376853739526695,-3.6738146499194073,-2.1350906358432766,-4.073211817315517,-3.130196677450435,-1.4768319607945095,-1.3854979880089928,-2.0415157966943625,-3.251223272764772,-2.6503332343932193,-2.7435665442077912,-1.6581659753023388,-0.5530541908028468,-3.3337571098140018,-3.4489853127381167,-2.619589312765946,-1.1239537349431927,-2.6232498844428207,-3.976719146075837]","[{""layout_seed"":42,""subset_seed"":1042,""indices_sha256"":""f21a6049aecd66457998ee8110618e72e93f0b8a7dca99d89354d300c1227f94""},{""layout_seed"":43,""subset_seed"":1043,""indices_sha256"":""4f4b2f59b597ed6a6289677b5380c5734ea1b9a6d9461db4459ee25ce256f1cf""},{""layout_seed"":44,""subset_seed"":1044,""indices_sha256"":""7b240478418ffe4e85da0391fb37b2c71f880fb7840cafb162ee95f18d69b2f2""},{""layout_seed"":45,""subset_seed"":1045,""indices_sha256"":""e2da847cde724d51bc98e40ef26a113a40793ca246f2d0ae12653044b1306f0e""},{""layout_seed"":46,""subset_seed"":1046,""indices_sha256"":""dd926a2ac07c39394ce769aa4c154a0ad4c328f1488628d453412625130f39db""},{""layout_seed"":47,""subset_seed"":1047,""indices_sha256"":""ca1d9fe953c53db333ab30391e8478aea8ff0262edf1be95a4d1c7ace11c6e2c""},{""layout_seed"":48,""subset_seed"":1048,""indices_sha256"":""4339ec215f1367435ab66440f1dca119ec07c63601bc6d435543730cdce20c64""},{""layout_seed"":49,""subset_seed"":1049,""indices_sha256"":""03aa2b39735a07362b898e09054bd4358358c9119084afa4e3be9f46cce1cf2a""},{""layout_seed"":50,""subset_seed"":1050,""indices_sha256"":""2df0442a26b31945a518a260b90224db8085616e444c38a1137bb12cd0c9f26c""},{""layout_seed"":51,""subset_seed"":1051,""indices_sha256"":""7df13e5b264af41ae8ae36df92359ac85ad4e1a86bd1291c8a0c9fc464b59a5a""},{""layout_seed"":52,""subset_seed"":1052,""indices_sha256"":""2d09cff7ce712cc34bf6067c83fc7837ec7e4e521b6e5fc082fc99cbf466753e""},{""layout_seed"":53,""subset_seed"":1053,""indices_sha256"":""7ab71e8644011afede30ae56e15ad19431d77e02d83548325da6af8837dfcd7d""},{""layout_seed"":54,""subset_seed"":1054,""indices_sha256"":""28bd194842383ab9fe7a444f497dc98c8ab2c6e54ef251b2b0ae9dfa6fd93eab""},{""layout_seed"":55,""subset_seed"":1055,""indices_sha256"":""2159089aeb7aef262563dfe98e85c3e537a025241e9b0cc2022dfef23a0bd790""},{""layout_seed"":56,""subset_seed"":1056,""indices_sha256"":""d857259751ce5fdac0deb773ec165c5053ff1866d5ad1017addcc736c7f47c10""},{""layout_seed"":57,""subset_seed"":1057,""indices_sha256"":""a86469a2f149e30b9e942084ff4386bed5af010f3149a4cc1a267911fb8a3414""},{""layout_seed"":58,""subset_seed"":1058,""indices_sha256"":""572bc10bda3007e87939e769bc9203729935e1192e822bccc8ecfd9aa4588a8c""},{""layout_seed"":59,""subset_seed"":1059,""indices_sha256"":""a4883fdba8984f06f62147152122ef348a77056745b35709a8ebbef3acb5ef10""},{""layout_seed"":60,""subset_seed"":1060,""indices_sha256"":""1b6dd378b9c2c669937b8f1619511d79814ea46a787d61433830d768f3ea575f""},{""layout_seed"":61,""subset_seed"":1061,""indices_sha256"":""b86253350f41076f23d3730930a753b3fdbe2b12d7c5db52f7513a429da00e57""}]",cuML t-SNE has lower discrepancy
mnist,dtw_beta0,dire,opentsne,openTSNE,10,1.2931545812074887,0.5071182555406952,-0.7860363256667936,0.0642195892325341,-0.8319762523228862,-0.740096399010701,-0.6078440559927714,-1.3538644267231184,0.12402366567002578,0.4353831558951461,1.2024633832018112,"[-0.8716517541240896,-0.8249930623848669,-0.8088755006152415,-0.6839522243378051,-0.7281159910856382,-0.7121144273351049,-0.7511131380769995,-0.7974308024789725,-0.8175688576598676,-0.8645474985693496]","[{""layout_seed"":42,""subset_seed"":1042,""indices_sha256"":""f21a6049aecd66457998ee8110618e72e93f0b8a7dca99d89354d300c1227f94""},{""layout_seed"":43,""subset_seed"":1043,""indices_sha256"":""4f4b2f59b597ed6a6289677b5380c5734ea1b9a6d9461db4459ee25ce256f1cf""},{""layout_seed"":44,""subset_seed"":1044,""indices_sha256"":""7b240478418ffe4e85da0391fb37b2c71f880fb7840cafb162ee95f18d69b2f2""},{""layout_seed"":45,""subset_seed"":1045,""indices_sha256"":""e2da847cde724d51bc98e40ef26a113a40793ca246f2d0ae12653044b1306f0e""},{""layout_seed"":46,""subset_seed"":1046,""indices_sha256"":""dd926a2ac07c39394ce769aa4c154a0ad4c328f1488628d453412625130f39db""},{""layout_seed"":47,""subset_seed"":1047,""indices_sha256"":""ca1d9fe953c53db333ab30391e8478aea8ff0262edf1be95a4d1c7ace11c6e2c""},{""layout_seed"":48,""subset_seed"":1048,""indices_sha256"":""4339ec215f1367435ab66440f1dca119ec07c63601bc6d435543730cdce20c64""},{""layout_seed"":49,""subset_seed"":1049,""indices_sha256"":""03aa2b39735a07362b898e09054bd4358358c9119084afa4e3be9f46cce1cf2a""},{""layout_seed"":50,""subset_seed"":1050,""indices_sha256"":""2df0442a26b31945a518a260b90224db8085616e444c38a1137bb12cd0c9f26c""},{""layout_seed"":51,""subset_seed"":1051,""indices_sha256"":""7df13e5b264af41ae8ae36df92359ac85ad4e1a86bd1291c8a0c9fc464b59a5a""}]",openTSNE has lower discrepancy
mnist,dtw_beta1,dire,opentsne,openTSNE,10,32.56593230705578,32.00162518929169,-0.5643071177641016,1.3958287645251952,-1.5628228640197006,0.43420862849149744,-0.017328142564548597,-0.022680845322496427,0.0579181422691883,27.397496281215773,27.77097737656908,"[-0.37348109535330565,1.0848427885648668,-1.1808523475952057,0.08777641880163856,-3.645223636504589,-0.7939706723546607,1.1264020467554303,-1.4338717296808667,-0.816680367429818,0.3019874171554946]","[{""layout_seed"":42,""subset_seed"":1042,""indices_sha256"":""f21a6049aecd66457998ee8110618e72e93f0b8a7dca99d89354d300c1227f94""},{""layout_seed"":43,""subset_seed"":1043,""indices_sha256"":""4f4b2f59b597ed6a6289677b5380c5734ea1b9a6d9461db4459ee25ce256f1cf""},{""layout_seed"":44,""subset_seed"":1044,""indices_sha256"":""7b240478418ffe4e85da0391fb37b2c71f880fb7840cafb162ee95f18d69b2f2""},{""layout_seed"":45,""subset_seed"":1045,""indices_sha256"":""e2da847cde724d51bc98e40ef26a113a40793ca246f2d0ae12653044b1306f0e""},{""layout_seed"":46,""subset_seed"":1046,""indices_sha256"":""dd926a2ac07c39394ce769aa4c154a0ad4c328f1488628d453412625130f39db""},{""layout_seed"":47,""subset_seed"":1047,""indices_sha256"":""ca1d9fe953c53db333ab30391e8478aea8ff0262edf1be95a4d1c7ace11c6e2c""},{""layout_seed"":48,""subset_seed"":1048,""indices_sha256"":""4339ec215f1367435ab66440f1dca119ec07c63601bc6d435543730cdce20c64""},{""layout_seed"":49,""subset_seed"":1049,""indices_sha256"":""03aa2b39735a07362b898e09054bd4358358c9119084afa4e3be9f46cce1cf2a""},{""layout_seed"":50,""subset_seed"":1050,""indices_sha256"":""2df0442a26b31945a518a260b90224db8085616e444c38a1137bb12cd0c9f26c""},{""layout_seed"":51,""subset_seed"":1051,""indices_sha256"":""7df13e5b264af41ae8ae36df92359ac85ad4e1a86bd1291c8a0c9fc464b59a5a""}]",practically comparable (within 5%)
mnist,dtw_beta0,dire,umap,umap-learn,10,1.2931545812074887,1.164013230228242,-0.12914135097924667,0.08627099737430886,-0.1908559047359356,-0.06742679722255775,-0.09986536246785004,-0.15189935683358508,0.10062054099694687,1.0912136008115148,1.2024633832018112,"[-0.21481294701815146,-0.2541062630991602,-0.13155987253463142,-0.09055128817151292,-0.05107853100165061,0.038077832086716334,-0.09425263616742319,-0.16958146241184746,-0.203575995672872,-0.11997234580193372]","[{""layout_seed"":42,""subset_seed"":1042,""indices_sha256"":""f21a6049aecd66457998ee8110618e72e93f0b8a7dca99d89354d300c1227f94""},{""layout_seed"":43,""subset_seed"":1043,""indices_sha256"":""4f4b2f59b597ed6a6289677b5380c5734ea1b9a6d9461db4459ee25ce256f1cf""},{""layout_seed"":44,""subset_seed"":1044,""indices_sha256"":""7b240478418ffe4e85da0391fb37b2c71f880fb7840cafb162ee95f18d69b2f2""},{""layout_seed"":45,""subset_seed"":1045,""indices_sha256"":""e2da847cde724d51bc98e40ef26a113a40793ca246f2d0ae12653044b1306f0e""},{""layout_seed"":46,""subset_seed"":1046,""indices_sha256"":""dd926a2ac07c39394ce769aa4c154a0ad4c328f1488628d453412625130f39db""},{""layout_seed"":47,""subset_seed"":1047,""indices_sha256"":""ca1d9fe953c53db333ab30391e8478aea8ff0262edf1be95a4d1c7ace11c6e2c""},{""layout_seed"":48,""subset_seed"":1048,""indices_sha256"":""4339ec215f1367435ab66440f1dca119ec07c63601bc6d435543730cdce20c64""},{""layout_seed"":49,""subset_seed"":1049,""indices_sha256"":""03aa2b39735a07362b898e09054bd4358358c9119084afa4e3be9f46cce1cf2a""},{""layout_seed"":50,""subset_seed"":1050,""indices_sha256"":""2df0442a26b31945a518a260b90224db8085616e444c38a1137bb12cd0c9f26c""},{""layout_seed"":51,""subset_seed"":1051,""indices_sha256"":""7df13e5b264af41ae8ae36df92359ac85ad4e1a86bd1291c8a0c9fc464b59a5a""}]",umap-learn has lower discrepancy
mnist,dtw_beta1,dire,umap,umap-learn,10,32.56593230705578,33.503486396911526,0.93755408985574,1.1294046167810028,0.12962669760629764,1.7454814821051823,0.028789413458696164,0.041246487528947044,0.05142937958422579,27.846796138340782,27.77097737656908,"[0.07581876177170344,2.516107751889237,-0.6442355075329154,2.0948596582440047,-0.07874122942364181,1.148110316439272,2.628785788251527,0.592285515538947,0.5426911390193077,0.4998587043599585]","[{""layout_seed"":42,""subset_seed"":1042,""indices_sha256"":""f21a6049aecd66457998ee8110618e72e93f0b8a7dca99d89354d300c1227f94""},{""layout_seed"":43,""subset_seed"":1043,""indices_sha256"":""4f4b2f59b597ed6a6289677b5380c5734ea1b9a6d9461db4459ee25ce256f1cf""},{""layout_seed"":44,""subset_seed"":1044,""indices_sha256"":""7b240478418ffe4e85da0391fb37b2c71f880fb7840cafb162ee95f18d69b2f2""},{""layout_seed"":45,""subset_seed"":1045,""indices_sha256"":""e2da847cde724d51bc98e40ef26a113a40793ca246f2d0ae12653044b1306f0e""},{""layout_seed"":46,""subset_seed"":1046,""indices_sha256"":""dd926a2ac07c39394ce769aa4c154a0ad4c328f1488628d453412625130f39db""},{""layout_seed"":47,""subset_seed"":1047,""indices_sha256"":""ca1d9fe953c53db333ab30391e8478aea8ff0262edf1be95a4d1c7ace11c6e2c""},{""layout_seed"":48,""subset_seed"":1048,""indices_sha256"":""4339ec215f1367435ab66440f1dca119ec07c63601bc6d435543730cdce20c64""},{""layout_seed"":49,""subset_seed"":1049,""indices_sha256"":""03aa2b39735a07362b898e09054bd4358358c9119084afa4e3be9f46cce1cf2a""},{""layout_seed"":50,""subset_seed"":1050,""indices_sha256"":""2df0442a26b31945a518a260b90224db8085616e444c38a1137bb12cd0c9f26c""},{""layout_seed"":51,""subset_seed"":1051,""indices_sha256"":""7df13e5b264af41ae8ae36df92359ac85ad4e1a86bd1291c8a0c9fc464b59a5a""}]",practically comparable (within 5%)
levine13,dtw_beta0,dire,cuml_umap,cuML UMAP,20,0.5136652325795992,0.6165251271252145,0.10285989454561531,0.03959171622674277,0.08433040097661039,0.12138938811462023,0.20024694688612357,0.2628901770513768,0.09791861557189205,0.5320055568819488,0.44879157484983373,"[0.15391130117449725,0.10090292398367434,0.12185221866923557,0.10129951042854402,0.10418976996430873,0.09938334665902698,0.1649211984986786,0.08667304620254984,0.12358668337818629,0.03236102053884071,0.06836187059536203,0.07074485766209149,0.08188021737318979,0.05522788079206209,0.07823984101969561,0.18166615721434948,0.08242979726887234,0.16927669642201948,0.07630202440011757,0.10398752866700378]","[{""layout_seed"":42,""subset_seed"":1042,""indices_sha256"":""f21a6049aecd66457998ee8110618e72e93f0b8a7dca99d89354d300c1227f94""},{""layout_seed"":43,""subset_seed"":1043,""indices_sha256"":""4f4b2f59b597ed6a6289677b5380c5734ea1b9a6d9461db4459ee25ce256f1cf""},{""layout_seed"":44,""subset_seed"":1044,""indices_sha256"":""7b240478418ffe4e85da0391fb37b2c71f880fb7840cafb162ee95f18d69b2f2""},{""layout_seed"":45,""subset_seed"":1045,""indices_sha256"":""e2da847cde724d51bc98e40ef26a113a40793ca246f2d0ae12653044b1306f0e""},{""layout_seed"":46,""subset_seed"":1046,""indices_sha256"":""dd926a2ac07c39394ce769aa4c154a0ad4c328f1488628d453412625130f39db""},{""layout_seed"":47,""subset_seed"":1047,""indices_sha256"":""ca1d9fe953c53db333ab30391e8478aea8ff0262edf1be95a4d1c7ace11c6e2c""},{""layout_seed"":48,""subset_seed"":1048,""indices_sha256"":""4339ec215f1367435ab66440f1dca119ec07c63601bc6d435543730cdce20c64""},{""layout_seed"":49,""subset_seed"":1049,""indices_sha256"":""03aa2b39735a07362b898e09054bd4358358c9119084afa4e3be9f46cce1cf2a""},{""layout_seed"":50,""subset_seed"":1050,""indices_sha256"":""2df0442a26b31945a518a260b90224db8085616e444c38a1137bb12cd0c9f26c""},{""layout_seed"":51,""subset_seed"":1051,""indices_sha256"":""7df13e5b264af41ae8ae36df92359ac85ad4e1a86bd1291c8a0c9fc464b59a5a""},{""layout_seed"":52,""subset_seed"":1052,""indices_sha256"":""2d09cff7ce712cc34bf6067c83fc7837ec7e4e521b6e5fc082fc99cbf466753e""},{""layout_seed"":53,""subset_seed"":1053,""indices_sha256"":""7ab71e8644011afede30ae56e15ad19431d77e02d83548325da6af8837dfcd7d""},{""layout_seed"":54,""subset_seed"":1054,""indices_sha256"":""28bd194842383ab9fe7a444f497dc98c8ab2c6e54ef251b2b0ae9dfa6fd93eab""},{""layout_seed"":55,""subset_seed"":1055,""indices_sha256"":""2159089aeb7aef262563dfe98e85c3e537a025241e9b0cc2022dfef23a0bd790""},{""layout_seed"":56,""subset_seed"":1056,""indices_sha256"":""d857259751ce5fdac0deb773ec165c5053ff1866d5ad1017addcc736c7f47c10""},{""layout_seed"":57,""subset_seed"":1057,""indices_sha256"":""a86469a2f149e30b9e942084ff4386bed5af010f3149a4cc1a267911fb8a3414""},{""layout_seed"":58,""subset_seed"":1058,""indices_sha256"":""572bc10bda3007e87939e769bc9203729935e1192e822bccc8ecfd9aa4588a8c""},{""layout_seed"":59,""subset_seed"":1059,""indices_sha256"":""a4883fdba8984f06f62147152122ef348a77056745b35709a8ebbef3acb5ef10""},{""layout_seed"":60,""subset_seed"":1060,""indices_sha256"":""1b6dd378b9c2c669937b8f1619511d79814ea46a787d61433830d768f3ea575f""},{""layout_seed"":61,""subset_seed"":1061,""indices_sha256"":""b86253350f41076f23d3730930a753b3fdbe2b12d7c5db52f7513a429da00e57""}]",DiRe has lower discrepancy
levine13,dtw_beta1,dire,cuml_umap,cuML UMAP,20,13.726231928724925,14.132253069467273,0.40602114074234874,1.1587248833529964,-0.13627879774409446,0.9483210792287919,0.029579941738611247,0.0356576478606559,0.12845786845538842,10.394155006314703,10.24157419750671,"[1.4293694899308598,-1.191286065842725,-1.7978045113138812,1.6798755251030535,2.026662773749024,0.06962780876280306,0.08918348650370689,1.61206108496825,-0.35494121576800985,-0.1576322961220491,1.9315970008446008,1.326247518664946,0.738775665308486,0.7293375308327565,0.8672863762026743,0.539634262140325,-1.8817789787990797,0.6922943078066108,-0.7319918589334797,0.5039049108081031]","[{""layout_seed"":42,""subset_seed"":1042,""indices_sha256"":""f21a6049aecd66457998ee8110618e72e93f0b8a7dca99d89354d300c1227f94""},{""layout_seed"":43,""subset_seed"":1043,""indices_sha256"":""4f4b2f59b597ed6a6289677b5380c5734ea1b9a6d9461db4459ee25ce256f1cf""},{""layout_seed"":44,""subset_seed"":1044,""indices_sha256"":""7b240478418ffe4e85da0391fb37b2c71f880fb7840cafb162ee95f18d69b2f2""},{""layout_seed"":45,""subset_seed"":1045,""indices_sha256"":""e2da847cde724d51bc98e40ef26a113a40793ca246f2d0ae12653044b1306f0e""},{""layout_seed"":46,""subset_seed"":1046,""indices_sha256"":""dd926a2ac07c39394ce769aa4c154a0ad4c328f1488628d453412625130f39db""},{""layout_seed"":47,""subset_seed"":1047,""indices_sha256"":""ca1d9fe953c53db333ab30391e8478aea8ff0262edf1be95a4d1c7ace11c6e2c""},{""layout_seed"":48,""subset_seed"":1048,""indices_sha256"":""4339ec215f1367435ab66440f1dca119ec07c63601bc6d435543730cdce20c64""},{""layout_seed"":49,""subset_seed"":1049,""indices_sha256"":""03aa2b39735a07362b898e09054bd4358358c9119084afa4e3be9f46cce1cf2a""},{""layout_seed"":50,""subset_seed"":1050,""indices_sha256"":""2df0442a26b31945a518a260b90224db8085616e444c38a1137bb12cd0c9f26c""},{""layout_seed"":51,""subset_seed"":1051,""indices_sha256"":""7df13e5b264af41ae8ae36df92359ac85ad4e1a86bd1291c8a0c9fc464b59a5a""},{""layout_seed"":52,""subset_seed"":1052,""indices_sha256"":""2d09cff7ce712cc34bf6067c83fc7837ec7e4e521b6e5fc082fc99cbf466753e""},{""layout_seed"":53,""subset_seed"":1053,""indices_sha256"":""7ab71e8644011afede30ae56e15ad19431d77e02d83548325da6af8837dfcd7d""},{""layout_seed"":54,""subset_seed"":1054,""indices_sha256"":""28bd194842383ab9fe7a444f497dc98c8ab2c6e54ef251b2b0ae9dfa6fd93eab""},{""layout_seed"":55,""subset_seed"":1055,""indices_sha256"":""2159089aeb7aef262563dfe98e85c3e537a025241e9b0cc2022dfef23a0bd790""},{""layout_seed"":56,""subset_seed"":1056,""indices_sha256"":""d857259751ce5fdac0deb773ec165c5053ff1866d5ad1017addcc736c7f47c10""},{""layout_seed"":57,""subset_seed"":1057,""indices_sha256"":""a86469a2f149e30b9e942084ff4386bed5af010f3149a4cc1a267911fb8a3414""},{""layout_seed"":58,""subset_seed"":1058,""indices_sha256"":""572bc10bda3007e87939e769bc9203729935e1192e822bccc8ecfd9aa4588a8c""},{""layout_seed"":59,""subset_seed"":1059,""indices_sha256"":""a4883fdba8984f06f62147152122ef348a77056745b35709a8ebbef3acb5ef10""},{""layout_seed"":60,""subset_seed"":1060,""indices_sha256"":""1b6dd378b9c2c669937b8f1619511d79814ea46a787d61433830d768f3ea575f""},{""layout_seed"":61,""subset_seed"":1061,""indices_sha256"":""b86253350f41076f23d3730930a753b3fdbe2b12d7c5db52f7513a429da00e57""}]",practically comparable (within 5%)
levine13,dtw_beta0,dire,cuml_tsne,cuML t-SNE,20,0.5136652325795992,1.34014932880755,0.8264840962279509,0.05315366954662827,0.8016074131260451,0.8513607793298568,1.6089936476280324,1.386702866927624,0.10901454390549377,1.2724616492620595,0.44879157484983373,"[0.8816041752994458,0.9240815148074137,0.8220631246410315,0.7227648405820388,0.7646414669605092,0.8570089559810328,0.8091927349368974,0.8253454452276605,0.789148816032486,0.840886186184926,0.8777600368175944,0.7805026918984147,0.7749580697971437,0.8338474366144042,0.8633814622269912,0.8411147037024649,0.9347823951335527,0.7988285390094567,0.798091362362637,0.7896779663429168]","[{""layout_seed"":42,""subset_seed"":1042,""indices_sha256"":""f21a6049aecd66457998ee8110618e72e93f0b8a7dca99d89354d300c1227f94""},{""layout_seed"":43,""subset_seed"":1043,""indices_sha256"":""4f4b2f59b597ed6a6289677b5380c5734ea1b9a6d9461db4459ee25ce256f1cf""},{""layout_seed"":44,""subset_seed"":1044,""indices_sha256"":""7b240478418ffe4e85da0391fb37b2c71f880fb7840cafb162ee95f18d69b2f2""},{""layout_seed"":45,""subset_seed"":1045,""indices_sha256"":""e2da847cde724d51bc98e40ef26a113a40793ca246f2d0ae12653044b1306f0e""},{""layout_seed"":46,""subset_seed"":1046,""indices_sha256"":""dd926a2ac07c39394ce769aa4c154a0ad4c328f1488628d453412625130f39db""},{""layout_seed"":47,""subset_seed"":1047,""indices_sha256"":""ca1d9fe953c53db333ab30391e8478aea8ff0262edf1be95a4d1c7ace11c6e2c""},{""layout_seed"":48,""subset_seed"":1048,""indices_sha256"":""4339ec215f1367435ab66440f1dca119ec07c63601bc6d435543730cdce20c64""},{""layout_seed"":49,""subset_seed"":1049,""indices_sha256"":""03aa2b39735a07362b898e09054bd4358358c9119084afa4e3be9f46cce1cf2a""},{""layout_seed"":50,""subset_seed"":1050,""indices_sha256"":""2df0442a26b31945a518a260b90224db8085616e444c38a1137bb12cd0c9f26c""},{""layout_seed"":51,""subset_seed"":1051,""indices_sha256"":""7df13e5b264af41ae8ae36df92359ac85ad4e1a86bd1291c8a0c9fc464b59a5a""},{""layout_seed"":52,""subset_seed"":1052,""indices_sha256"":""2d09cff7ce712cc34bf6067c83fc7837ec7e4e521b6e5fc082fc99cbf466753e""},{""layout_seed"":53,""subset_seed"":1053,""indices_sha256"":""7ab71e8644011afede30ae56e15ad19431d77e02d83548325da6af8837dfcd7d""},{""layout_seed"":54,""subset_seed"":1054,""indices_sha256"":""28bd194842383ab9fe7a444f497dc98c8ab2c6e54ef251b2b0ae9dfa6fd93eab""},{""layout_seed"":55,""subset_seed"":1055,""indices_sha256"":""2159089aeb7aef262563dfe98e85c3e537a025241e9b0cc2022dfef23a0bd790""},{""layout_seed"":56,""subset_seed"":1056,""indices_sha256"":""d857259751ce5fdac0deb773ec165c5053ff1866d5ad1017addcc736c7f47c10""},{""layout_seed"":57,""subset_seed"":1057,""indices_sha256"":""a86469a2f149e30b9e942084ff4386bed5af010f3149a4cc1a267911fb8a3414""},{""layout_seed"":58,""subset_seed"":1058,""indices_sha256"":""572bc10bda3007e87939e769bc9203729935e1192e822bccc8ecfd9aa4588a8c""},{""layout_seed"":59,""subset_seed"":1059,""indices_sha256"":""a4883fdba8984f06f62147152122ef348a77056745b35709a8ebbef3acb5ef10""},{""layout_seed"":60,""subset_seed"":1060,""indices_sha256"":""1b6dd378b9c2c669937b8f1619511d79814ea46a787d61433830d768f3ea575f""},{""layout_seed"":61,""subset_seed"":1061,""indices_sha256"":""b86253350f41076f23d3730930a753b3fdbe2b12d7c5db52f7513a429da00e57""}]",DiRe has lower discrepancy
levine13,dtw_beta1,dire,cuml_tsne,cuML t-SNE,20,13.726231928724925,12.637277856117375,-1.088954072607549,0.899593238863102,-1.5099766683134368,-0.6679314769016613,-0.07933379519317983,-0.12978255768055266,0.1254903765945211,7.5273384079697205,10.24157419750671,"[-0.5523066384348585,-2.1523601820813685,-2.1718372510397668,0.44694896128086725,-0.19163887333786356,-1.5403518190324235,-1.230369450250981,-0.6308087333419756,-1.0455446011164522,-0.6326802113032404,-0.8399479885861485,-0.8478522384993568,-0.8933294388253792,-0.5038683372977619,-0.9200709307220052,-0.9259763510716468,-2.592788084140251,0.39541418852594035,-2.2354776833393224,-2.714235789536989]","[{""layout_seed"":42,""subset_seed"":1042,""indices_sha256"":""f21a6049aecd66457998ee8110618e72e93f0b8a7dca99d89354d300c1227f94""},{""layout_seed"":43,""subset_seed"":1043,""indices_sha256"":""4f4b2f59b597ed6a6289677b5380c5734ea1b9a6d9461db4459ee25ce256f1cf""},{""layout_seed"":44,""subset_seed"":1044,""indices_sha256"":""7b240478418ffe4e85da0391fb37b2c71f880fb7840cafb162ee95f18d69b2f2""},{""layout_seed"":45,""subset_seed"":1045,""indices_sha256"":""e2da847cde724d51bc98e40ef26a113a40793ca246f2d0ae12653044b1306f0e""},{""layout_seed"":46,""subset_seed"":1046,""indices_sha256"":""dd926a2ac07c39394ce769aa4c154a0ad4c328f1488628d453412625130f39db""},{""layout_seed"":47,""subset_seed"":1047,""indices_sha256"":""ca1d9fe953c53db333ab30391e8478aea8ff0262edf1be95a4d1c7ace11c6e2c""},{""layout_seed"":48,""subset_seed"":1048,""indices_sha256"":""4339ec215f1367435ab66440f1dca119ec07c63601bc6d435543730cdce20c64""},{""layout_seed"":49,""subset_seed"":1049,""indices_sha256"":""03aa2b39735a07362b898e09054bd4358358c9119084afa4e3be9f46cce1cf2a""},{""layout_seed"":50,""subset_seed"":1050,""indices_sha256"":""2df0442a26b31945a518a260b90224db8085616e444c38a1137bb12cd0c9f26c""},{""layout_seed"":51,""subset_seed"":1051,""indices_sha256"":""7df13e5b264af41ae8ae36df92359ac85ad4e1a86bd1291c8a0c9fc464b59a5a""},{""layout_seed"":52,""subset_seed"":1052,""indices_sha256"":""2d09cff7ce712cc34bf6067c83fc7837ec7e4e521b6e5fc082fc99cbf466753e""},{""layout_seed"":53,""subset_seed"":1053,""indices_sha256"":""7ab71e8644011afede30ae56e15ad19431d77e02d83548325da6af8837dfcd7d""},{""layout_seed"":54,""subset_seed"":1054,""indices_sha256"":""28bd194842383ab9fe7a444f497dc98c8ab2c6e54ef251b2b0ae9dfa6fd93eab""},{""layout_seed"":55,""subset_seed"":1055,""indices_sha256"":""2159089aeb7aef262563dfe98e85c3e537a025241e9b0cc2022dfef23a0bd790""},{""layout_seed"":56,""subset_seed"":1056,""indices_sha256"":""d857259751ce5fdac0deb773ec165c5053ff1866d5ad1017addcc736c7f47c10""},{""layout_seed"":57,""subset_seed"":1057,""indices_sha256"":""a86469a2f149e30b9e942084ff4386bed5af010f3149a4cc1a267911fb8a3414""},{""layout_seed"":58,""subset_seed"":1058,""indices_sha256"":""572bc10bda3007e87939e769bc9203729935e1192e822bccc8ecfd9aa4588a8c""},{""layout_seed"":59,""subset_seed"":1059,""indices_sha256"":""a4883fdba8984f06f62147152122ef348a77056745b35709a8ebbef3acb5ef10""},{""layout_seed"":60,""subset_seed"":1060,""indices_sha256"":""1b6dd378b9c2c669937b8f1619511d79814ea46a787d61433830d768f3ea575f""},{""layout_seed"":61,""subset_seed"":1061,""indices_sha256"":""b86253350f41076f23d3730930a753b3fdbe2b12d7c5db52f7513a429da00e57""}]",cuML t-SNE has lower discrepancy
levine13,dtw_beta0,dire,opentsne,openTSNE,10,0.50700488643648,1.3100261058540958,0.8030212194176158,0.05004358201192977,0.7672221974258725,0.8388202414093592,1.583853017791816,1.3735210479460067,0.11592412212175308,1.2305315045344476,0.44879157484983373,"[0.803073178998796,0.8217081975363059,0.7736099344958141,0.7213370100899292,0.8028862385682808,0.8075139193454421,0.826217577667861,0.9055143779388299,0.7462332486333574,0.8221185109015424]","[{""layout_seed"":42,""subset_seed"":1042,""indices_sha256"":""f21a6049aecd66457998ee8110618e72e93f0b8a7dca99d89354d300c1227f94""},{""layout_seed"":43,""subset_seed"":1043,""indices_sha256"":""4f4b2f59b597ed6a6289677b5380c5734ea1b9a6d9461db4459ee25ce256f1cf""},{""layout_seed"":44,""subset_seed"":1044,""indices_sha256"":""7b240478418ffe4e85da0391fb37b2c71f880fb7840cafb162ee95f18d69b2f2""},{""layout_seed"":45,""subset_seed"":1045,""indices_sha256"":""e2da847cde724d51bc98e40ef26a113a40793ca246f2d0ae12653044b1306f0e""},{""layout_seed"":46,""subset_seed"":1046,""indices_sha256"":""dd926a2ac07c39394ce769aa4c154a0ad4c328f1488628d453412625130f39db""},{""layout_seed"":47,""subset_seed"":1047,""indices_sha256"":""ca1d9fe953c53db333ab30391e8478aea8ff0262edf1be95a4d1c7ace11c6e2c""},{""layout_seed"":48,""subset_seed"":1048,""indices_sha256"":""4339ec215f1367435ab66440f1dca119ec07c63601bc6d435543730cdce20c64""},{""layout_seed"":49,""subset_seed"":1049,""indices_sha256"":""03aa2b39735a07362b898e09054bd4358358c9119084afa4e3be9f46cce1cf2a""},{""layout_seed"":50,""subset_seed"":1050,""indices_sha256"":""2df0442a26b31945a518a260b90224db8085616e444c38a1137bb12cd0c9f26c""},{""layout_seed"":51,""subset_seed"":1051,""indices_sha256"":""7df13e5b264af41ae8ae36df92359ac85ad4e1a86bd1291c8a0c9fc464b59a5a""}]",DiRe has lower discrepancy
levine13,dtw_beta1,dire,opentsne,openTSNE,10,14.701620270696347,14.56600370058987,-0.135616570106472,0.884084381062048,-0.7680524375600087,0.49681929734706476,-0.009224600255577711,-0.02282900691639107,0.09535489165106224,10.903128455869833,12.191959517628584,"[0.1340885447699094,-1.609717042274399,-1.288831061758751,0.380797982331206,0.5994684252006355,-0.18964001819231768,-0.2641055972258535,1.4115982889893282,0.05528995302635309,-0.5851151759308308]","[{""layout_seed"":42,""subset_seed"":1042,""indices_sha256"":""f21a6049aecd66457998ee8110618e72e93f0b8a7dca99d89354d300c1227f94""},{""layout_seed"":43,""subset_seed"":1043,""indices_sha256"":""4f4b2f59b597ed6a6289677b5380c5734ea1b9a6d9461db4459ee25ce256f1cf""},{""layout_seed"":44,""subset_seed"":1044,""indices_sha256"":""7b240478418ffe4e85da0391fb37b2c71f880fb7840cafb162ee95f18d69b2f2""},{""layout_seed"":45,""subset_seed"":1045,""indices_sha256"":""e2da847cde724d51bc98e40ef26a113a40793ca246f2d0ae12653044b1306f0e""},{""layout_seed"":46,""subset_seed"":1046,""indices_sha256"":""dd926a2ac07c39394ce769aa4c154a0ad4c328f1488628d453412625130f39db""},{""layout_seed"":47,""subset_seed"":1047,""indices_sha256"":""ca1d9fe953c53db333ab30391e8478aea8ff0262edf1be95a4d1c7ace11c6e2c""},{""layout_seed"":48,""subset_seed"":1048,""indices_sha256"":""4339ec215f1367435ab66440f1dca119ec07c63601bc6d435543730cdce20c64""},{""layout_seed"":49,""subset_seed"":1049,""indices_sha256"":""03aa2b39735a07362b898e09054bd4358358c9119084afa4e3be9f46cce1cf2a""},{""layout_seed"":50,""subset_seed"":1050,""indices_sha256"":""2df0442a26b31945a518a260b90224db8085616e444c38a1137bb12cd0c9f26c""},{""layout_seed"":51,""subset_seed"":1051,""indices_sha256"":""7df13e5b264af41ae8ae36df92359ac85ad4e1a86bd1291c8a0c9fc464b59a5a""}]",practically comparable (within 5%)
levine13,dtw_beta0,dire,umap,umap-learn,10,0.50700488643648,0.6038142339425259,0.0968093475060458,0.03821338211960568,0.06947314070628997,0.12414555430580164,0.19094361828833092,0.25132606826723136,0.09974889328067452,0.5192386793591277,0.44879157484983373,"[0.125543323433692,0.11136019840717087,0.1101950823369231,0.10051951901855072,0.12005833801451282,0.0951760365439222,0.11727803399981573,0.08393023687981077,0.11020228233625434,-0.0061695759101944025]","[{""layout_seed"":42,""subset_seed"":1042,""indices_sha256"":""f21a6049aecd66457998ee8110618e72e93f0b8a7dca99d89354d300c1227f94""},{""layout_seed"":43,""subset_seed"":1043,""indices_sha256"":""4f4b2f59b597ed6a6289677b5380c5734ea1b9a6d9461db4459ee25ce256f1cf""},{""layout_seed"":44,""subset_seed"":1044,""indices_sha256"":""7b240478418ffe4e85da0391fb37b2c71f880fb7840cafb162ee95f18d69b2f2""},{""layout_seed"":45,""subset_seed"":1045,""indices_sha256"":""e2da847cde724d51bc98e40ef26a113a40793ca246f2d0ae12653044b1306f0e""},{""layout_seed"":46,""subset_seed"":1046,""indices_sha256"":""dd926a2ac07c39394ce769aa4c154a0ad4c328f1488628d453412625130f39db""},{""layout_seed"":47,""subset_seed"":1047,""indices_sha256"":""ca1d9fe953c53db333ab30391e8478aea8ff0262edf1be95a4d1c7ace11c6e2c""},{""layout_seed"":48,""subset_seed"":1048,""indices_sha256"":""4339ec215f1367435ab66440f1dca119ec07c63601bc6d435543730cdce20c64""},{""layout_seed"":49,""subset_seed"":1049,""indices_sha256"":""03aa2b39735a07362b898e09054bd4358358c9119084afa4e3be9f46cce1cf2a""},{""layout_seed"":50,""subset_seed"":1050,""indices_sha256"":""2df0442a26b31945a518a260b90224db8085616e444c38a1137bb12cd0c9f26c""},{""layout_seed"":51,""subset_seed"":1051,""indices_sha256"":""7df13e5b264af41ae8ae36df92359ac85ad4e1a86bd1291c8a0c9fc464b59a5a""}]",DiRe has lower discrepancy
levine13,dtw_beta1,dire,umap,umap-learn,10,14.701620270696347,15.21515365369577,0.5135333829994257,1.0592609578698817,-0.2442162584378954,1.2712830244367468,0.03493039362627355,0.04386104207077135,0.0947749963981153,11.355654788570375,12.191959517628584,"[2.6910522022985432,0.5698194233268143,-0.8363047290582095,0.9950082995862299,0.7621922609132596,-0.24233354464223567,0.01044209183149114,1.615843999359079,-0.47617825242780754,0.045792078807092906]","[{""layout_seed"":42,""subset_seed"":1042,""indices_sha256"":""f21a6049aecd66457998ee8110618e72e93f0b8a7dca99d89354d300c1227f94""},{""layout_seed"":43,""subset_seed"":1043,""indices_sha256"":""4f4b2f59b597ed6a6289677b5380c5734ea1b9a6d9461db4459ee25ce256f1cf""},{""layout_seed"":44,""subset_seed"":1044,""indices_sha256"":""7b240478418ffe4e85da0391fb37b2c71f880fb7840cafb162ee95f18d69b2f2""},{""layout_seed"":45,""subset_seed"":1045,""indices_sha256"":""e2da847cde724d51bc98e40ef26a113a40793ca246f2d0ae12653044b1306f0e""},{""layout_seed"":46,""subset_seed"":1046,""indices_sha256"":""dd926a2ac07c39394ce769aa4c154a0ad4c328f1488628d453412625130f39db""},{""layout_seed"":47,""subset_seed"":1047,""indices_sha256"":""ca1d9fe953c53db333ab30391e8478aea8ff0262edf1be95a4d1c7ace11c6e2c""},{""layout_seed"":48,""subset_seed"":1048,""indices_sha256"":""4339ec215f1367435ab66440f1dca119ec07c63601bc6d435543730cdce20c64""},{""layout_seed"":49,""subset_seed"":1049,""indices_sha256"":""03aa2b39735a07362b898e09054bd4358358c9119084afa4e3be9f46cce1cf2a""},{""layout_seed"":50,""subset_seed"":1050,""indices_sha256"":""2df0442a26b31945a518a260b90224db8085616e444c38a1137bb12cd0c9f26c""},{""layout_seed"":51,""subset_seed"":1051,""indices_sha256"":""7df13e5b264af41ae8ae36df92359ac85ad4e1a86bd1291c8a0c9fc464b59a5a""}]",practically comparable (within 5%)
levine32,dtw_beta0,dire,cuml_umap,cuML UMAP,20,0.4382723158934529,0.5482545055769577,0.10998218968350475,0.05079078384871544,0.08621137112894575,0.13375300823806374,0.2509448707917983,0.3259962541991316,0.1548862056823986,0.45791165361938985,0.35421516044047086,"[0.07473504351859445,0.088743304260815,0.1233419180634811,0.16973507777177632,0.11875713075147842,0.21740367627028362,0.1407565106701512,0.040101303420238765,0.09237011860478195,0.13890220194012431,0.0896452264327639,0.19155092461554668,0.1185361541518814,0.06705334884846897,0.020851601098436978,0.12864970620679994,0.1254391448766785,0.06565375070798518,0.043862624265597894,0.14355502719421076]","[{""layout_seed"":42,""subset_seed"":1042,""indices_sha256"":""f21a6049aecd66457998ee8110618e72e93f0b8a7dca99d89354d300c1227f94""},{""layout_seed"":43,""subset_seed"":1043,""indices_sha256"":""4f4b2f59b597ed6a6289677b5380c5734ea1b9a6d9461db4459ee25ce256f1cf""},{""layout_seed"":44,""subset_seed"":1044,""indices_sha256"":""7b240478418ffe4e85da0391fb37b2c71f880fb7840cafb162ee95f18d69b2f2""},{""layout_seed"":45,""subset_seed"":1045,""indices_sha256"":""e2da847cde724d51bc98e40ef26a113a40793ca246f2d0ae12653044b1306f0e""},{""layout_seed"":46,""subset_seed"":1046,""indices_sha256"":""dd926a2ac07c39394ce769aa4c154a0ad4c328f1488628d453412625130f39db""},{""layout_seed"":47,""subset_seed"":1047,""indices_sha256"":""ca1d9fe953c53db333ab30391e8478aea8ff0262edf1be95a4d1c7ace11c6e2c""},{""layout_seed"":48,""subset_seed"":1048,""indices_sha256"":""4339ec215f1367435ab66440f1dca119ec07c63601bc6d435543730cdce20c64""},{""layout_seed"":49,""subset_seed"":1049,""indices_sha256"":""03aa2b39735a07362b898e09054bd4358358c9119084afa4e3be9f46cce1cf2a""},{""layout_seed"":50,""subset_seed"":1050,""indices_sha256"":""2df0442a26b31945a518a260b90224db8085616e444c38a1137bb12cd0c9f26c""},{""layout_seed"":51,""subset_seed"":1051,""indices_sha256"":""7df13e5b264af41ae8ae36df92359ac85ad4e1a86bd1291c8a0c9fc464b59a5a""},{""layout_seed"":52,""subset_seed"":1052,""indices_sha256"":""2d09cff7ce712cc34bf6067c83fc7837ec7e4e521b6e5fc082fc99cbf466753e""},{""layout_seed"":53,""subset_seed"":1053,""indices_sha256"":""7ab71e8644011afede30ae56e15ad19431d77e02d83548325da6af8837dfcd7d""},{""layout_seed"":54,""subset_seed"":1054,""indices_sha256"":""28bd194842383ab9fe7a444f497dc98c8ab2c6e54ef251b2b0ae9dfa6fd93eab""},{""layout_seed"":55,""subset_seed"":1055,""indices_sha256"":""2159089aeb7aef262563dfe98e85c3e537a025241e9b0cc2022dfef23a0bd790""},{""layout_seed"":56,""subset_seed"":1056,""indices_sha256"":""d857259751ce5fdac0deb773ec165c5053ff1866d5ad1017addcc736c7f47c10""},{""layout_seed"":57,""subset_seed"":1057,""indices_sha256"":""a86469a2f149e30b9e942084ff4386bed5af010f3149a4cc1a267911fb8a3414""},{""layout_seed"":58,""subset_seed"":1058,""indices_sha256"":""572bc10bda3007e87939e769bc9203729935e1192e822bccc8ecfd9aa4588a8c""},{""layout_seed"":59,""subset_seed"":1059,""indices_sha256"":""a4883fdba8984f06f62147152122ef348a77056745b35709a8ebbef3acb5ef10""},{""layout_seed"":60,""subset_seed"":1060,""indices_sha256"":""1b6dd378b9c2c669937b8f1619511d79814ea46a787d61433830d768f3ea575f""},{""layout_seed"":61,""subset_seed"":1061,""indices_sha256"":""b86253350f41076f23d3730930a753b3fdbe2b12d7c5db52f7513a429da00e57""}]",DiRe has lower discrepancy
levine32,dtw_beta1,dire,cuml_umap,cuML UMAP,20,6.204016396137554,6.77237553947827,0.5683591433407165,0.9979648539092051,0.10129721461045804,1.035421072070975,0.09161148311834909,0.12774586481957406,0.24158513912291676,5.031049577721786,4.206514556205162,"[1.6782403958929475,-0.7863587620609112,0.6904517547510105,-0.548723749525875,0.03618978013870944,1.4131123723850365,1.9586693596804094,0.07764907383273822,-0.43578828355681054,1.3576145096428442,-0.2108536494606037,-1.1930521874753115,1.277472130474421,1.8979934883937863,0.42621951991475004,0.7144144600495554,-0.6434576795274154,1.9303109734300552,0.4952088207619729,1.231870539073019]","[{""layout_seed"":42,""subset_seed"":1042,""indices_sha256"":""f21a6049aecd66457998ee8110618e72e93f0b8a7dca99d89354d300c1227f94""},{""layout_seed"":43,""subset_seed"":1043,""indices_sha256"":""4f4b2f59b597ed6a6289677b5380c5734ea1b9a6d9461db4459ee25ce256f1cf""},{""layout_seed"":44,""subset_seed"":1044,""indices_sha256"":""7b240478418ffe4e85da0391fb37b2c71f880fb7840cafb162ee95f18d69b2f2""},{""layout_seed"":45,""subset_seed"":1045,""indices_sha256"":""e2da847cde724d51bc98e40ef26a113a40793ca246f2d0ae12653044b1306f0e""},{""layout_seed"":46,""subset_seed"":1046,""indices_sha256"":""dd926a2ac07c39394ce769aa4c154a0ad4c328f1488628d453412625130f39db""},{""layout_seed"":47,""subset_seed"":1047,""indices_sha256"":""ca1d9fe953c53db333ab30391e8478aea8ff0262edf1be95a4d1c7ace11c6e2c""},{""layout_seed"":48,""subset_seed"":1048,""indices_sha256"":""4339ec215f1367435ab66440f1dca119ec07c63601bc6d435543730cdce20c64""},{""layout_seed"":49,""subset_seed"":1049,""indices_sha256"":""03aa2b39735a07362b898e09054bd4358358c9119084afa4e3be9f46cce1cf2a""},{""layout_seed"":50,""subset_seed"":1050,""indices_sha256"":""2df0442a26b31945a518a260b90224db8085616e444c38a1137bb12cd0c9f26c""},{""layout_seed"":51,""subset_seed"":1051,""indices_sha256"":""7df13e5b264af41ae8ae36df92359ac85ad4e1a86bd1291c8a0c9fc464b59a5a""},{""layout_seed"":52,""subset_seed"":1052,""indices_sha256"":""2d09cff7ce712cc34bf6067c83fc7837ec7e4e521b6e5fc082fc99cbf466753e""},{""layout_seed"":53,""subset_seed"":1053,""indices_sha256"":""7ab71e8644011afede30ae56e15ad19431d77e02d83548325da6af8837dfcd7d""},{""layout_seed"":54,""subset_seed"":1054,""indices_sha256"":""28bd194842383ab9fe7a444f497dc98c8ab2c6e54ef251b2b0ae9dfa6fd93eab""},{""layout_seed"":55,""subset_seed"":1055,""indices_sha256"":""2159089aeb7aef262563dfe98e85c3e537a025241e9b0cc2022dfef23a0bd790""},{""layout_seed"":56,""subset_seed"":1056,""indices_sha256"":""d857259751ce5fdac0deb773ec165c5053ff1866d5ad1017addcc736c7f47c10""},{""layout_seed"":57,""subset_seed"":1057,""indices_sha256"":""a86469a2f149e30b9e942084ff4386bed5af010f3149a4cc1a267911fb8a3414""},{""layout_seed"":58,""subset_seed"":1058,""indices_sha256"":""572bc10bda3007e87939e769bc9203729935e1192e822bccc8ecfd9aa4588a8c""},{""layout_seed"":59,""subset_seed"":1059,""indices_sha256"":""a4883fdba8984f06f62147152122ef348a77056745b35709a8ebbef3acb5ef10""},{""layout_seed"":60,""subset_seed"":1060,""indices_sha256"":""1b6dd378b9c2c669937b8f1619511d79814ea46a787d61433830d768f3ea575f""},{""layout_seed"":61,""subset_seed"":1061,""indices_sha256"":""b86253350f41076f23d3730930a753b3fdbe2b12d7c5db52f7513a429da00e57""}]",DiRe has lower discrepancy
levine32,dtw_beta0,dire,cuml_tsne,cuML t-SNE,20,0.4382723158934529,1.0730004355534213,0.6347281196599684,0.06236294793363801,0.6055413616002105,0.6639148777197263,1.4482505434230424,1.2987680003531072,0.15867325309656485,0.9869069721719682,0.35421516044047086,"[0.5895044564537282,0.596684052790244,0.6739038098708701,0.6142348574081519,0.6664671160729793,0.7202256859226108,0.6658145507679207,0.48005360703337074,0.7008339457885224,0.6814740390480061,0.6152275726884071,0.6519362905954378,0.7785244649529837,0.6327048024054855,0.603240373524226,0.6123283105815245,0.602324956088689,0.6188835676858648,0.5687330157537994,0.621462917766546]","[{""layout_seed"":42,""subset_seed"":1042,""indices_sha256"":""f21a6049aecd66457998ee8110618e72e93f0b8a7dca99d89354d300c1227f94""},{""layout_seed"":43,""subset_seed"":1043,""indices_sha256"":""4f4b2f59b597ed6a6289677b5380c5734ea1b9a6d9461db4459ee25ce256f1cf""},{""layout_seed"":44,""subset_seed"":1044,""indices_sha256"":""7b240478418ffe4e85da0391fb37b2c71f880fb7840cafb162ee95f18d69b2f2""},{""layout_seed"":45,""subset_seed"":1045,""indices_sha256"":""e2da847cde724d51bc98e40ef26a113a40793ca246f2d0ae12653044b1306f0e""},{""layout_seed"":46,""subset_seed"":1046,""indices_sha256"":""dd926a2ac07c39394ce769aa4c154a0ad4c328f1488628d453412625130f39db""},{""layout_seed"":47,""subset_seed"":1047,""indices_sha256"":""ca1d9fe953c53db333ab30391e8478aea8ff0262edf1be95a4d1c7ace11c6e2c""},{""layout_seed"":48,""subset_seed"":1048,""indices_sha256"":""4339ec215f1367435ab66440f1dca119ec07c63601bc6d435543730cdce20c64""},{""layout_seed"":49,""subset_seed"":1049,""indices_sha256"":""03aa2b39735a07362b898e09054bd4358358c9119084afa4e3be9f46cce1cf2a""},{""layout_seed"":50,""subset_seed"":1050,""indices_sha256"":""2df0442a26b31945a518a260b90224db8085616e444c38a1137bb12cd0c9f26c""},{""layout_seed"":51,""subset_seed"":1051,""indices_sha256"":""7df13e5b264af41ae8ae36df92359ac85ad4e1a86bd1291c8a0c9fc464b59a5a""},{""layout_seed"":52,""subset_seed"":1052,""indices_sha256"":""2d09cff7ce712cc34bf6067c83fc7837ec7e4e521b6e5fc082fc99cbf466753e""},{""layout_seed"":53,""subset_seed"":1053,""indices_sha256"":""7ab71e8644011afede30ae56e15ad19431d77e02d83548325da6af8837dfcd7d""},{""layout_seed"":54,""subset_seed"":1054,""indices_sha256"":""28bd194842383ab9fe7a444f497dc98c8ab2c6e54ef251b2b0ae9dfa6fd93eab""},{""layout_seed"":55,""subset_seed"":1055,""indices_sha256"":""2159089aeb7aef262563dfe98e85c3e537a025241e9b0cc2022dfef23a0bd790""},{""layout_seed"":56,""subset_seed"":1056,""indices_sha256"":""d857259751ce5fdac0deb773ec165c5053ff1866d5ad1017addcc736c7f47c10""},{""layout_seed"":57,""subset_seed"":1057,""indices_sha256"":""a86469a2f149e30b9e942084ff4386bed5af010f3149a4cc1a267911fb8a3414""},{""layout_seed"":58,""subset_seed"":1058,""indices_sha256"":""572bc10bda3007e87939e769bc9203729935e1192e822bccc8ecfd9aa4588a8c""},{""layout_seed"":59,""subset_seed"":1059,""indices_sha256"":""a4883fdba8984f06f62147152122ef348a77056745b35709a8ebbef3acb5ef10""},{""layout_seed"":60,""subset_seed"":1060,""indices_sha256"":""1b6dd378b9c2c669937b8f1619511d79814ea46a787d61433830d768f3ea575f""},{""layout_seed"":61,""subset_seed"":1061,""indices_sha256"":""b86253350f41076f23d3730930a753b3fdbe2b12d7c5db52f7513a429da00e57""}]",DiRe has lower discrepancy
levine32,dtw_beta1,dire,cuml_tsne,cuML t-SNE,20,6.204016396137554,4.87272509259431,-1.3312913035432434,0.7848760032332557,-1.6986245803096947,-0.9639580267767923,-0.21458539412824051,-0.36074209738355334,0.22860269805271902,3.059468824432019,4.206514556205162,"[-1.0704650053928653,-2.6344019810223127,-2.045277401900857,-2.4753899900077965,-1.6103006693499093,-0.9434863278092838,0.5336738138759767,-1.500634613206377,-1.7127518513700393,-1.0325006001260988,-1.186155898576672,-2.2295575991617165,-0.0054149135552981065,-0.6599383828717098,-1.026728752331573,-1.466317588931183,-1.6443849626828344,-1.1470457317731433,-2.0419078846846004,-0.7268397299865716]","[{""layout_seed"":42,""subset_seed"":1042,""indices_sha256"":""f21a6049aecd66457998ee8110618e72e93f0b8a7dca99d89354d300c1227f94""},{""layout_seed"":43,""subset_seed"":1043,""indices_sha256"":""4f4b2f59b597ed6a6289677b5380c5734ea1b9a6d9461db4459ee25ce256f1cf""},{""layout_seed"":44,""subset_seed"":1044,""indices_sha256"":""7b240478418ffe4e85da0391fb37b2c71f880fb7840cafb162ee95f18d69b2f2""},{""layout_seed"":45,""subset_seed"":1045,""indices_sha256"":""e2da847cde724d51bc98e40ef26a113a40793ca246f2d0ae12653044b1306f0e""},{""layout_seed"":46,""subset_seed"":1046,""indices_sha256"":""dd926a2ac07c39394ce769aa4c154a0ad4c328f1488628d453412625130f39db""},{""layout_seed"":47,""subset_seed"":1047,""indices_sha256"":""ca1d9fe953c53db333ab30391e8478aea8ff0262edf1be95a4d1c7ace11c6e2c""},{""layout_seed"":48,""subset_seed"":1048,""indices_sha256"":""4339ec215f1367435ab66440f1dca119ec07c63601bc6d435543730cdce20c64""},{""layout_seed"":49,""subset_seed"":1049,""indices_sha256"":""03aa2b39735a07362b898e09054bd4358358c9119084afa4e3be9f46cce1cf2a""},{""layout_seed"":50,""subset_seed"":1050,""indices_sha256"":""2df0442a26b31945a518a260b90224db8085616e444c38a1137bb12cd0c9f26c""},{""layout_seed"":51,""subset_seed"":1051,""indices_sha256"":""7df13e5b264af41ae8ae36df92359ac85ad4e1a86bd1291c8a0c9fc464b59a5a""},{""layout_seed"":52,""subset_seed"":1052,""indices_sha256"":""2d09cff7ce712cc34bf6067c83fc7837ec7e4e521b6e5fc082fc99cbf466753e""},{""layout_seed"":53,""subset_seed"":1053,""indices_sha256"":""7ab71e8644011afede30ae56e15ad19431d77e02d83548325da6af8837dfcd7d""},{""layout_seed"":54,""subset_seed"":1054,""indices_sha256"":""28bd194842383ab9fe7a444f497dc98c8ab2c6e54ef251b2b0ae9dfa6fd93eab""},{""layout_seed"":55,""subset_seed"":1055,""indices_sha256"":""2159089aeb7aef262563dfe98e85c3e537a025241e9b0cc2022dfef23a0bd790""},{""layout_seed"":56,""subset_seed"":1056,""indices_sha256"":""d857259751ce5fdac0deb773ec165c5053ff1866d5ad1017addcc736c7f47c10""},{""layout_seed"":57,""subset_seed"":1057,""indices_sha256"":""a86469a2f149e30b9e942084ff4386bed5af010f3149a4cc1a267911fb8a3414""},{""layout_seed"":58,""subset_seed"":1058,""indices_sha256"":""572bc10bda3007e87939e769bc9203729935e1192e822bccc8ecfd9aa4588a8c""},{""layout_seed"":59,""subset_seed"":1059,""indices_sha256"":""a4883fdba8984f06f62147152122ef348a77056745b35709a8ebbef3acb5ef10""},{""layout_seed"":60,""subset_seed"":1060,""indices_sha256"":""1b6dd378b9c2c669937b8f1619511d79814ea46a787d61433830d768f3ea575f""},{""layout_seed"":61,""subset_seed"":1061,""indices_sha256"":""b86253350f41076f23d3730930a753b3fdbe2b12d7c5db52f7513a429da00e57""}]",cuML t-SNE has lower discrepancy
levine32,dtw_beta0,dire,opentsne,openTSNE,10,0.44268946450324104,1.1233690748451322,0.6806796103418912,0.057060303900549156,0.6398611278898485,0.7214980927939338,1.5376006544581045,1.3494362926231336,0.14422065607285245,1.0602527974091809,0.37468582146678303,"[0.6865094309169797,0.6189454808331105,0.7075922057450454,0.7667025439560399,0.6780354830637859,0.7832073663104244,0.6619732350032648,0.6274849381233059,0.634903528221298,0.6414418912456572]","[{""layout_seed"":42,""subset_seed"":1042,""indices_sha256"":""f21a6049aecd66457998ee8110618e72e93f0b8a7dca99d89354d300c1227f94""},{""layout_seed"":43,""subset_seed"":1043,""indices_sha256"":""4f4b2f59b597ed6a6289677b5380c5734ea1b9a6d9461db4459ee25ce256f1cf""},{""layout_seed"":44,""subset_seed"":1044,""indices_sha256"":""7b240478418ffe4e85da0391fb37b2c71f880fb7840cafb162ee95f18d69b2f2""},{""layout_seed"":45,""subset_seed"":1045,""indices_sha256"":""e2da847cde724d51bc98e40ef26a113a40793ca246f2d0ae12653044b1306f0e""},{""layout_seed"":46,""subset_seed"":1046,""indices_sha256"":""dd926a2ac07c39394ce769aa4c154a0ad4c328f1488628d453412625130f39db""},{""layout_seed"":47,""subset_seed"":1047,""indices_sha256"":""ca1d9fe953c53db333ab30391e8478aea8ff0262edf1be95a4d1c7ace11c6e2c""},{""layout_seed"":48,""subset_seed"":1048,""indices_sha256"":""4339ec215f1367435ab66440f1dca119ec07c63601bc6d435543730cdce20c64""},{""layout_seed"":49,""subset_seed"":1049,""indices_sha256"":""03aa2b39735a07362b898e09054bd4358358c9119084afa4e3be9f46cce1cf2a""},{""layout_seed"":50,""subset_seed"":1050,""indices_sha256"":""2df0442a26b31945a518a260b90224db8085616e444c38a1137bb12cd0c9f26c""},{""layout_seed"":51,""subset_seed"":1051,""indices_sha256"":""7df13e5b264af41ae8ae36df92359ac85ad4e1a86bd1291c8a0c9fc464b59a5a""}]",DiRe has lower discrepancy
levine32,dtw_beta1,dire,opentsne,openTSNE,10,6.172238489719483,5.517173974380695,-0.6550645153387886,0.886115755298446,-1.2889535403809433,-0.021175490296633792,-0.10613078487324623,-0.1623290685327317,0.2313538139801226,4.659447319584724,4.559467260640354,"[-0.5641945576206258,-1.2530604680159438,-1.5151873467936516,-1.2284905527649252,-1.3927421201766066,0.4624565870559829,1.2567173291281142,-0.5254367146443553,-1.0567729539389115,-0.7339343556169631]","[{""layout_seed"":42,""subset_seed"":1042,""indices_sha256"":""f21a6049aecd66457998ee8110618e72e93f0b8a7dca99d89354d300c1227f94""},{""layout_seed"":43,""subset_seed"":1043,""indices_sha256"":""4f4b2f59b597ed6a6289677b5380c5734ea1b9a6d9461db4459ee25ce256f1cf""},{""layout_seed"":44,""subset_seed"":1044,""indices_sha256"":""7b240478418ffe4e85da0391fb37b2c71f880fb7840cafb162ee95f18d69b2f2""},{""layout_seed"":45,""subset_seed"":1045,""indices_sha256"":""e2da847cde724d51bc98e40ef26a113a40793ca246f2d0ae12653044b1306f0e""},{""layout_seed"":46,""subset_seed"":1046,""indices_sha256"":""dd926a2ac07c39394ce769aa4c154a0ad4c328f1488628d453412625130f39db""},{""layout_seed"":47,""subset_seed"":1047,""indices_sha256"":""ca1d9fe953c53db333ab30391e8478aea8ff0262edf1be95a4d1c7ace11c6e2c""},{""layout_seed"":48,""subset_seed"":1048,""indices_sha256"":""4339ec215f1367435ab66440f1dca119ec07c63601bc6d435543730cdce20c64""},{""layout_seed"":49,""subset_seed"":1049,""indices_sha256"":""03aa2b39735a07362b898e09054bd4358358c9119084afa4e3be9f46cce1cf2a""},{""layout_seed"":50,""subset_seed"":1050,""indices_sha256"":""2df0442a26b31945a518a260b90224db8085616e444c38a1137bb12cd0c9f26c""},{""layout_seed"":51,""subset_seed"":1051,""indices_sha256"":""7df13e5b264af41ae8ae36df92359ac85ad4e1a86bd1291c8a0c9fc464b59a5a""}]",openTSNE has lower discrepancy
levine32,dtw_beta0,dire,umap,umap-learn,10,0.44268946450324104,0.587810685853789,0.145121221350548,0.06070371171665062,0.10169640195598964,0.18854604074510636,0.32781720141768933,0.40338780238265687,0.16424964066706904,0.414493969909386,0.37468582146678303,"[0.017091454191145994,0.1671707332841852,0.12150787194117557,0.19104569539119542,0.12053820591210074,0.2028976816330204,0.21610640282179555,0.08409196906681748,0.17220681330774923,0.15855538595629443]","[{""layout_seed"":42,""subset_seed"":1042,""indices_sha256"":""f21a6049aecd66457998ee8110618e72e93f0b8a7dca99d89354d300c1227f94""},{""layout_seed"":43,""subset_seed"":1043,""indices_sha256"":""4f4b2f59b597ed6a6289677b5380c5734ea1b9a6d9461db4459ee25ce256f1cf""},{""layout_seed"":44,""subset_seed"":1044,""indices_sha256"":""7b240478418ffe4e85da0391fb37b2c71f880fb7840cafb162ee95f18d69b2f2""},{""layout_seed"":45,""subset_seed"":1045,""indices_sha256"":""e2da847cde724d51bc98e40ef26a113a40793ca246f2d0ae12653044b1306f0e""},{""layout_seed"":46,""subset_seed"":1046,""indices_sha256"":""dd926a2ac07c39394ce769aa4c154a0ad4c328f1488628d453412625130f39db""},{""layout_seed"":47,""subset_seed"":1047,""indices_sha256"":""ca1d9fe953c53db333ab30391e8478aea8ff0262edf1be95a4d1c7ace11c6e2c""},{""layout_seed"":48,""subset_seed"":1048,""indices_sha256"":""4339ec215f1367435ab66440f1dca119ec07c63601bc6d435543730cdce20c64""},{""layout_seed"":49,""subset_seed"":1049,""indices_sha256"":""03aa2b39735a07362b898e09054bd4358358c9119084afa4e3be9f46cce1cf2a""},{""layout_seed"":50,""subset_seed"":1050,""indices_sha256"":""2df0442a26b31945a518a260b90224db8085616e444c38a1137bb12cd0c9f26c""},{""layout_seed"":51,""subset_seed"":1051,""indices_sha256"":""7df13e5b264af41ae8ae36df92359ac85ad4e1a86bd1291c8a0c9fc464b59a5a""}]",DiRe has lower discrepancy
levine32,dtw_beta1,dire,umap,umap-learn,10,6.172238489719483,7.264209233855074,1.0919707441355904,1.0010041113516033,0.3758955401751928,1.8080459480959878,0.17691648596443305,0.23596544901149236,0.23854277741462773,5.508038596264277,4.559467260640354,"[0.7219967231051143,0.7558289503466016,-0.6665960701140987,0.9106002170818659,0.9605972910218101,1.4688541478453345,3.3977867793475705,0.9388374581895054,0.9787263426332604,1.4530756018989397]","[{""layout_seed"":42,""subset_seed"":1042,""indices_sha256"":""f21a6049aecd66457998ee8110618e72e93f0b8a7dca99d89354d300c1227f94""},{""layout_seed"":43,""subset_seed"":1043,""indices_sha256"":""4f4b2f59b597ed6a6289677b5380c5734ea1b9a6d9461db4459ee25ce256f1cf""},{""layout_seed"":44,""subset_seed"":1044,""indices_sha256"":""7b240478418ffe4e85da0391fb37b2c71f880fb7840cafb162ee95f18d69b2f2""},{""layout_seed"":45,""subset_seed"":1045,""indices_sha256"":""e2da847cde724d51bc98e40ef26a113a40793ca246f2d0ae12653044b1306f0e""},{""layout_seed"":46,""subset_seed"":1046,""indices_sha256"":""dd926a2ac07c39394ce769aa4c154a0ad4c328f1488628d453412625130f39db""},{""layout_seed"":47,""subset_seed"":1047,""indices_sha256"":""ca1d9fe953c53db333ab30391e8478aea8ff0262edf1be95a4d1c7ace11c6e2c""},{""layout_seed"":48,""subset_seed"":1048,""indices_sha256"":""4339ec215f1367435ab66440f1dca119ec07c63601bc6d435543730cdce20c64""},{""layout_seed"":49,""subset_seed"":1049,""indices_sha256"":""03aa2b39735a07362b898e09054bd4358358c9119084afa4e3be9f46cce1cf2a""},{""layout_seed"":50,""subset_seed"":1050,""indices_sha256"":""2df0442a26b31945a518a260b90224db8085616e444c38a1137bb12cd0c9f26c""},{""layout_seed"":51,""subset_seed"":1051,""indices_sha256"":""7df13e5b264af41ae8ae36df92359ac85ad4e1a86bd1291c8a0c9fc464b59a5a""}]",DiRe has lower discrepancy
